#
# There is insufficient memory for the Java Runtime Environment to continue.
# Native memory allocation (malloc) failed to allocate 1174576 bytes for Chunk::new
# Possible reasons:
#   The system is out of physical RAM or swap space
#   The process is running with CompressedOops enabled, and the Java Heap may be blocking the growth of the native heap
# Possible solutions:
#   Reduce memory load on the system
#   Increase physical memory or swap space
#   Check if swap backing store is full
#   Decrease Java heap size (-Xmx/-Xms)
#   Decrease number of Java threads
#   Decrease Java thread stack sizes (-Xss)
#   Set larger code cache with -XX:ReservedCodeCacheSize=
#   JVM is running with Unscaled Compressed Oops mode in which the Java heap is
#     placed in the first 4GB address space. The Java Heap base address is the
#     maximum limit for the native heap growth. Please use -XX:HeapBaseMinAddress
#     to set the Java Heap base and to place the Java Heap above 4GB virtual address.
# This output file may be truncated or incomplete.
#
#  Out of Memory Error (arena.cpp:189), pid=37088, tid=23204
#
# JRE version: Java(TM) SE Runtime Environment (17.0.12+8) (build 17.0.12+8-LTS-286)
# Java VM: Java HotSpot(TM) 64-Bit Server VM (17.0.12+8-LTS-286, mixed mode, sharing, tiered, compressed oops, compressed class ptrs, g1 gc, windows-amd64)
# No core dump will be written. Minidumps are not enabled by default on client versions of Windows
#

---------------  S U M M A R Y ------------

Command Line: --add-opens=java.base/java.lang=ALL-UNNAMED --add-opens=java.base/java.lang.invoke=ALL-UNNAMED --add-opens=java.base/java.util=ALL-UNNAMED --add-opens=java.prefs/java.util.prefs=ALL-UNNAMED --add-exports=jdk.compiler/com.sun.tools.javac.api=ALL-UNNAMED --add-exports=jdk.compiler/com.sun.tools.javac.util=ALL-UNNAMED --add-opens=java.base/java.util=ALL-UNNAMED --add-opens=java.prefs/java.util.prefs=ALL-UNNAMED --add-opens=java.base/java.nio.charset=ALL-UNNAMED --add-opens=java.base/java.net=ALL-UNNAMED --add-opens=java.base/java.util.concurrent=ALL-UNNAMED --add-opens=java.base/java.util.concurrent.atomic=ALL-UNNAMED --add-opens=java.xml/javax.xml.namespace=ALL-UNNAMED -XX:MaxMetaspaceSize=512m -Xmx2048m -Dfile.encoding=windows-1252 -Duser.country=US -Duser.language=en -Duser.variant -javaagent:C:\Users\HP\.gradle\wrapper\dists\gradle-9.0.0-bin\d6wjpkvcgsg3oed0qlfss3wgl\gradle-9.0.0\lib\agents\gradle-instrumentation-agent-9.0.0.jar org.gradle.launcher.daemon.bootstrap.GradleDaemon 9.0.0

Host: 13th Gen Intel(R) Core(TM) i3-1315U, 8 cores, 15G,  Windows 11 , 64 bit Build 26100 (10.0.26100.9168)
Time: Tue Sep  8 15:23:59 2026 Pakistan Standard Time elapsed time: 258.923407 seconds (0d 0h 4m 18s)

---------------  T H R E A D  ---------------

Current thread (0x00000219ffb3d660):  JavaThread "C2 CompilerThread0" daemon [_thread_in_native, id=23204, stack(0x0000003f02400000,0x0000003f02500000)]


Current CompileTask:
C2: 258923 17708   !   4       java.beans.PropertyDescriptor::findPropertyType (145 bytes)

Stack: [0x0000003f02400000,0x0000003f02500000]
Native frames: (J=compiled Java code, j=interpreted, Vv=VM code, C=native code)
V  [jvm.dll+0x67a04a]
V  [jvm.dll+0x7da4ed]
V  [jvm.dll+0x7dbe33]
V  [jvm.dll+0x7dc4a3]
V  [jvm.dll+0x24508f]
V  [jvm.dll+0xab773]
V  [jvm.dll+0xabd3c]
V  [jvm.dll+0x361b9f]
V  [jvm.dll+0x32c431]
V  [jvm.dll+0x32b8ca]
V  [jvm.dll+0x21683f]
V  [jvm.dll+0x215c6f]
V  [jvm.dll+0x1a2960]
V  [jvm.dll+0x22610b]
V  [jvm.dll+0x2242ab]
V  [jvm.dll+0x79075c]
V  [jvm.dll+0x78abea]
V  [jvm.dll+0x678f35]
C  [ucrtbase.dll+0x2cd30]
C  [KERNEL32.DLL+0x2ccb7]
C  [ntdll.dll+0xaad6c]


---------------  P R O C E S S  ---------------

Threads class SMR info:
_java_thread_list=0x00000219bd41adc0, length=143, elements={
0x00000219f48cce70, 0x00000219ffb1be60, 0x00000219ffb1d0b0, 0x00000219ffb33f80,
0x00000219ffb36470, 0x00000219ffb36950, 0x00000219ffb38e40, 0x00000219ffb3d660,
0x00000219b2006e60, 0x00000219b207ea70, 0x00000219ffb02230, 0x00000219b21c5030,
0x00000219b2052830, 0x00000219b2c15490, 0x00000219b2a9e890, 0x00000219b2c6ed10,
0x00000219b210b6b0, 0x00000219b2da46c0, 0x00000219b2da41b0, 0x00000219b2da4bd0,
0x00000219b2da3280, 0x00000219b2da5b00, 0x00000219b2da50e0, 0x00000219b2da55f0,
0x00000219b2da6010, 0x00000219b2da3790, 0x00000219b2da2d70, 0x00000219b2da3ca0,
0x00000219b4809810, 0x00000219b480cfc0, 0x00000219b480a230, 0x00000219b480cab0,
0x00000219b480d4d0, 0x00000219b4809d20, 0x00000219b480def0, 0x00000219b480a740,
0x00000219b480e400, 0x00000219b480ac50, 0x00000219b480e910, 0x00000219b480b160,
0x00000219b480ee20, 0x00000219b480b670, 0x00000219b4810770, 0x00000219b480f330,
0x00000219b4810260, 0x00000219b4810c80, 0x00000219b480f840, 0x00000219b480fd50,
0x00000219b4811190, 0x00000219b2da6520, 0x00000219b53723d0, 0x00000219b53714a0,
0x00000219b5370f90, 0x00000219b5373810, 0x00000219b53719b0, 0x00000219b5371ec0,
0x00000219b53728e0, 0x00000219b5372df0, 0x00000219b5370570, 0x00000219b5373300,
0x00000219b5370060, 0x00000219b5373d20, 0x00000219b5370a80, 0x00000219b53774d0,
0x00000219b5375b80, 0x00000219b5376090, 0x00000219b5376ab0, 0x00000219b53765a0,
0x00000219b6787b80, 0x00000219b6787160, 0x00000219b6785300, 0x00000219b6786230,
0x00000219b6786c50, 0x00000219b6788090, 0x00000219b67885a0, 0x00000219b6784df0,
0x00000219b6788fc0, 0x00000219b678bd50, 0x00000219b6788ab0, 0x00000219b67899e0,
0x00000219b67894d0, 0x00000219b678a400, 0x00000219b678ae20, 0x00000219b678c260,
0x00000219b678b840, 0x00000219b6789ef0, 0x00000219b678a910, 0x00000219b678b330,
0x00000219b639a740, 0x00000219b63988e0, 0x00000219b6398df0, 0x00000219b6399d20,
0x00000219b639a230, 0x00000219b639ac50, 0x00000219b639b670, 0x00000219b6399300,
0x00000219b6397ec0, 0x00000219b639b160, 0x00000219b63983d0, 0x00000219b6399810,
0x00000219b639ee20, 0x00000219b639d4d0, 0x00000219b639c090, 0x00000219b639c5a0,
0x00000219b639cab0, 0x00000219b639d9e0, 0x00000219b639def0, 0x00000219b639e910,
0x00000219b639e400, 0x00000219b639f330, 0x00000219b639cfc0, 0x00000219b639f840,
0x00000219b531d1a0, 0x00000219b531c780, 0x00000219b531eaf0, 0x00000219b531d6b0,
0x00000219b531dbc0, 0x00000219b531e0d0, 0x00000219b531b340, 0x00000219b531cc90,
0x00000219b531f000, 0x00000219b531e5e0, 0x00000219b531b850, 0x00000219b531f510,
0x00000219b531bd60, 0x00000219b531fa20, 0x00000219b531c270, 0x00000219b5320440,
0x00000219b5320950, 0x00000219b5320e60, 0x00000219b5321370, 0x00000219b531ff30,
0x00000219b5321880, 0x00000219b5322cc0, 0x00000219b5321d90, 0x00000219b53227b0,
0x00000219b5374230, 0x00000219b7116580, 0x00000219b7115b60, 0x00000219b71132e0,
0x00000219b7117ed0, 0x00000219b7116fa0, 0x00000219b7119820
}

Java Threads: ( => current thread )
  0x00000219f48cce70 JavaThread "main" [_thread_blocked, id=17252, stack(0x0000003f01700000,0x0000003f01800000)]
  0x00000219ffb1be60 JavaThread "Reference Handler" daemon [_thread_blocked, id=30532, stack(0x0000003f01e00000,0x0000003f01f00000)]
  0x00000219ffb1d0b0 JavaThread "Finalizer" daemon [_thread_blocked, id=27820, stack(0x0000003f01f00000,0x0000003f02000000)]
  0x00000219ffb33f80 JavaThread "Signal Dispatcher" daemon [_thread_blocked, id=35412, stack(0x0000003f02000000,0x0000003f02100000)]
  0x00000219ffb36470 JavaThread "Attach Listener" daemon [_thread_blocked, id=44284, stack(0x0000003f02100000,0x0000003f02200000)]
  0x00000219ffb36950 JavaThread "Service Thread" daemon [_thread_blocked, id=38440, stack(0x0000003f02200000,0x0000003f02300000)]
  0x00000219ffb38e40 JavaThread "Monitor Deflation Thread" daemon [_thread_blocked, id=12828, stack(0x0000003f02300000,0x0000003f02400000)]
=>0x00000219ffb3d660 JavaThread "C2 CompilerThread0" daemon [_thread_in_native, id=23204, stack(0x0000003f02400000,0x0000003f02500000)]
  0x00000219b2006e60 JavaThread "C1 CompilerThread0" daemon [_thread_blocked, id=27016, stack(0x0000003f02500000,0x0000003f02600000)]
  0x00000219b207ea70 JavaThread "Sweeper thread" daemon [_thread_blocked, id=47452, stack(0x0000003f02600000,0x0000003f02700000)]
  0x00000219ffb02230 JavaThread "Common-Cleaner" daemon [_thread_blocked, id=51916, stack(0x0000003f02700000,0x0000003f02800000)]
  0x00000219b21c5030 JavaThread "Notification Thread" daemon [_thread_blocked, id=37556, stack(0x0000003f02800000,0x0000003f02900000)]
  0x00000219b2052830 JavaThread "Daemon health stats" [_thread_blocked, id=35720, stack(0x0000003f02f00000,0x0000003f03000000)]
  0x00000219b2c15490 JavaThread "Incoming local TCP Connector on port 33286" [_thread_in_native, id=34400, stack(0x0000003f03000000,0x0000003f03100000)]
  0x00000219b2a9e890 JavaThread "Daemon periodic checks" [_thread_blocked, id=29012, stack(0x0000003f03100000,0x0000003f03200000)]
  0x00000219b2c6ed10 JavaThread "Daemon" [_thread_blocked, id=30928, stack(0x0000003f03200000,0x0000003f03300000)]
  0x00000219b210b6b0 JavaThread "Handler for socket connection from /127.0.0.1:33286 to /127.0.0.1:33296" [_thread_in_native, id=45812, stack(0x0000003f03300000,0x0000003f03400000)]
  0x00000219b2da46c0 JavaThread "Cancel handler" [_thread_blocked, id=52900, stack(0x0000003f03400000,0x0000003f03500000)]
  0x00000219b2da41b0 JavaThread "Daemon worker" [_thread_in_Java, id=25592, stack(0x0000003f03500000,0x0000003f03600000)]
  0x00000219b2da4bd0 JavaThread "Asynchronous log dispatcher for DefaultDaemonConnection: socket connection from /127.0.0.1:33286 to /127.0.0.1:33296" [_thread_blocked, id=28404, stack(0x0000003f03600000,0x0000003f03700000)]
  0x00000219b2da3280 JavaThread "Stdin handler" [_thread_blocked, id=15568, stack(0x0000003f03700000,0x0000003f03800000)]
  0x00000219b2da5b00 JavaThread "Daemon client event forwarder" [_thread_blocked, id=40980, stack(0x0000003f03800000,0x0000003f03900000)]
  0x00000219b2da50e0 JavaThread "Cache worker for journal cache (C:\Users\HP\.gradle\caches\journal-1)" [_thread_blocked, id=44964, stack(0x0000003f03900000,0x0000003f03a00000)]
  0x00000219b2da55f0 JavaThread "File lock request listener" [_thread_in_native, id=18740, stack(0x0000003f03a00000,0x0000003f03b00000)]
  0x00000219b2da6010 JavaThread "Cache worker for file hash cache (C:\Users\HP\.gradle\caches\9.0.0\fileHashes)" [_thread_blocked, id=35732, stack(0x0000003f03b00000,0x0000003f03c00000)]
  0x00000219b2da3790 JavaThread "Cache worker for file hash cache (D:\Projects\ReactNative\android\.gradle\9.0.0\fileHashes)" [_thread_blocked, id=20920, stack(0x0000003f03f00000,0x0000003f04000000)]
  0x00000219b2da2d70 JavaThread "Cache worker for Build Output Cleanup Cache (D:\Projects\ReactNative\android\.gradle\buildOutputCleanup)" [_thread_blocked, id=9536, stack(0x0000003f04000000,0x0000003f04100000)]
  0x00000219b2da3ca0 JavaThread "File watcher server" daemon [_thread_in_native, id=30536, stack(0x0000003f04100000,0x0000003f04200000)]
  0x00000219b4809810 JavaThread "File watcher consumer" daemon [_thread_blocked, id=22812, stack(0x0000003f04200000,0x0000003f04300000)]
  0x00000219b480cfc0 JavaThread "Cache worker for checksums cache (D:\Projects\ReactNative\android\.gradle\9.0.0\checksums)" [_thread_blocked, id=29068, stack(0x0000003f04300000,0x0000003f04400000)]
  0x00000219b480a230 JavaThread "Cache worker for file content cache (C:\Users\HP\.gradle\caches\9.0.0\fileContent)" [_thread_blocked, id=53000, stack(0x0000003f04400000,0x0000003f04500000)]
  0x00000219b480cab0 JavaThread "Cache worker for cache directory md-supplier (C:\Users\HP\.gradle\caches\9.0.0\md-supplier)" [_thread_blocked, id=20852, stack(0x0000003f04700000,0x0000003f04800000)]
  0x00000219b480d4d0 JavaThread "Cache worker for cache directory md-rule (C:\Users\HP\.gradle\caches\9.0.0\md-rule)" [_thread_blocked, id=18788, stack(0x0000003f04800000,0x0000003f04900000)]
  0x00000219b4809d20 JavaThread "jar transforms" [_thread_blocked, id=48608, stack(0x0000003f04b00000,0x0000003f04c00000)]
  0x00000219b480def0 JavaThread "Cache worker for Build Output Cleanup Cache (D:\Projects\ReactNative\node_modules\@react-native\gradle-plugin\.gradle\buildOutputCleanup)" [_thread_blocked, id=16852, stack(0x0000003f04c00000,0x0000003f04d00000)]
  0x00000219b480a740 JavaThread "Unconstrained build operations" [_thread_blocked, id=12416, stack(0x0000003f04d00000,0x0000003f04e00000)]
  0x00000219b480e400 JavaThread "Unconstrained build operations Thread 2" [_thread_blocked, id=51024, stack(0x0000003f04e00000,0x0000003f04f00000)]
  0x00000219b480ac50 JavaThread "Unconstrained build operations Thread 3" [_thread_blocked, id=41936, stack(0x0000003f04f00000,0x0000003f05000000)]
  0x00000219b480e910 JavaThread "Unconstrained build operations Thread 4" [_thread_blocked, id=37864, stack(0x0000003f05000000,0x0000003f05100000)]
  0x00000219b480b160 JavaThread "Unconstrained build operations Thread 5" [_thread_blocked, id=33784, stack(0x0000003f05100000,0x0000003f05200000)]
  0x00000219b480ee20 JavaThread "Unconstrained build operations Thread 6" [_thread_blocked, id=42128, stack(0x0000003f05200000,0x0000003f05300000)]
  0x00000219b480b670 JavaThread "Unconstrained build operations Thread 7" [_thread_blocked, id=48508, stack(0x0000003f05300000,0x0000003f05400000)]
  0x00000219b4810770 JavaThread "Unconstrained build operations Thread 8" [_thread_blocked, id=18764, stack(0x0000003f05400000,0x0000003f05500000)]
  0x00000219b480f330 JavaThread "Unconstrained build operations Thread 9" [_thread_blocked, id=35336, stack(0x0000003f05500000,0x0000003f05600000)]
  0x00000219b4810260 JavaThread "Unconstrained build operations Thread 10" [_thread_blocked, id=46624, stack(0x0000003f05600000,0x0000003f05700000)]
  0x00000219b4810c80 JavaThread "Unconstrained build operations Thread 11" [_thread_blocked, id=10968, stack(0x0000003f05700000,0x0000003f05800000)]
  0x00000219b480f840 JavaThread "Unconstrained build operations Thread 12" [_thread_blocked, id=25564, stack(0x0000003f05800000,0x0000003f05900000)]
  0x00000219b480fd50 JavaThread "Unconstrained build operations Thread 13" [_thread_blocked, id=2164, stack(0x0000003f05900000,0x0000003f05a00000)]
  0x00000219b4811190 JavaThread "Unconstrained build operations Thread 14" [_thread_blocked, id=46440, stack(0x0000003f05a00000,0x0000003f05b00000)]
  0x00000219b2da6520 JavaThread "Unconstrained build operations Thread 15" [_thread_blocked, id=39656, stack(0x0000003f05b00000,0x0000003f05c00000)]
  0x00000219b53723d0 JavaThread "Unconstrained build operations Thread 16" [_thread_blocked, id=47348, stack(0x0000003f05c00000,0x0000003f05d00000)]
  0x00000219b53714a0 JavaThread "Unconstrained build operations Thread 17" [_thread_blocked, id=11424, stack(0x0000003f05d00000,0x0000003f05e00000)]
  0x00000219b5370f90 JavaThread "Unconstrained build operations Thread 18" [_thread_blocked, id=46156, stack(0x0000003f05e00000,0x0000003f05f00000)]
  0x00000219b5373810 JavaThread "Unconstrained build operations Thread 19" [_thread_blocked, id=6388, stack(0x0000003f05f00000,0x0000003f06000000)]
  0x00000219b53719b0 JavaThread "Unconstrained build operations Thread 20" [_thread_blocked, id=34984, stack(0x0000003f06000000,0x0000003f06100000)]
  0x00000219b5371ec0 JavaThread "Unconstrained build operations Thread 21" [_thread_blocked, id=33052, stack(0x0000003f06100000,0x0000003f06200000)]
  0x00000219b53728e0 JavaThread "Unconstrained build operations Thread 22" [_thread_blocked, id=25792, stack(0x0000003f06200000,0x0000003f06300000)]
  0x00000219b5372df0 JavaThread "Unconstrained build operations Thread 23" [_thread_blocked, id=48620, stack(0x0000003f06300000,0x0000003f06400000)]
  0x00000219b5370570 JavaThread "Unconstrained build operations Thread 24" [_thread_blocked, id=24232, stack(0x0000003f06400000,0x0000003f06500000)]
  0x00000219b5373300 JavaThread "Unconstrained build operations Thread 25" [_thread_blocked, id=50008, stack(0x0000003f06500000,0x0000003f06600000)]
  0x00000219b5370060 JavaThread "Unconstrained build operations Thread 26" [_thread_blocked, id=23152, stack(0x0000003f06600000,0x0000003f06700000)]
  0x00000219b5373d20 JavaThread "Unconstrained build operations Thread 27" [_thread_blocked, id=10244, stack(0x0000003f06700000,0x0000003f06800000)]
  0x00000219b5370a80 JavaThread "build event listener" [_thread_blocked, id=43140, stack(0x0000003f06800000,0x0000003f06900000)]
  0x00000219b53774d0 JavaThread "Memory manager" [_thread_blocked, id=38772, stack(0x0000003f06a00000,0x0000003f06b00000)]
  0x00000219b5375b80 JavaThread "ForkJoinPool.commonPool-worker-2" daemon [_thread_blocked, id=45192, stack(0x0000003f06900000,0x0000003f06a00000)]
  0x00000219b5376090 JavaThread "ForkJoinPool.commonPool-worker-3" daemon [_thread_blocked, id=50616, stack(0x0000003f06b00000,0x0000003f06c00000)]
  0x00000219b5376ab0 JavaThread "ForkJoinPool.commonPool-worker-4" daemon [_thread_blocked, id=32260, stack(0x0000003f06c00000,0x0000003f06d00000)]
  0x00000219b53765a0 JavaThread "ForkJoinPool.commonPool-worker-5" daemon [_thread_blocked, id=8784, stack(0x0000003f06d00000,0x0000003f06e00000)]
  0x00000219b6787b80 JavaThread "ForkJoinPool.commonPool-worker-6" daemon [_thread_blocked, id=5848, stack(0x0000003f06e00000,0x0000003f06f00000)]
  0x00000219b6787160 JavaThread "Execution worker" [_thread_blocked, id=26780, stack(0x0000003f07300000,0x0000003f07400000)]
  0x00000219b6785300 JavaThread "Execution worker Thread 2" [_thread_blocked, id=24512, stack(0x0000003f07400000,0x0000003f07500000)]
  0x00000219b6786230 JavaThread "Execution worker Thread 3" [_thread_blocked, id=20580, stack(0x0000003f07500000,0x0000003f07600000)]
  0x00000219b6786c50 JavaThread "Execution worker Thread 4" [_thread_blocked, id=9928, stack(0x0000003f07600000,0x0000003f07700000)]
  0x00000219b6788090 JavaThread "Execution worker Thread 5" [_thread_blocked, id=47420, stack(0x0000003f07700000,0x0000003f07800000)]
  0x00000219b67885a0 JavaThread "Execution worker Thread 6" [_thread_blocked, id=1724, stack(0x0000003f07800000,0x0000003f07900000)]
  0x00000219b6784df0 JavaThread "Execution worker Thread 7" [_thread_blocked, id=27816, stack(0x0000003f07900000,0x0000003f07a00000)]
  0x00000219b6788fc0 JavaThread "Cache worker for execution history cache (D:\Projects\ReactNative\node_modules\@react-native\gradle-plugin\.gradle\9.0.0\executionHistory)" [_thread_blocked, id=46164, stack(0x0000003f07a00000,0x0000003f07b00000)]
  0x00000219b678bd50 JavaThread "Unconstrained build operations Thread 28" [_thread_blocked, id=10004, stack(0x0000003f07b00000,0x0000003f07c00000)]
  0x00000219b6788ab0 JavaThread "Unconstrained build operations Thread 29" [_thread_blocked, id=36348, stack(0x0000003f07c00000,0x0000003f07d00000)]
  0x00000219b67899e0 JavaThread "Unconstrained build operations Thread 30" [_thread_blocked, id=49780, stack(0x0000003f07d00000,0x0000003f07e00000)]
  0x00000219b67894d0 JavaThread "Unconstrained build operations Thread 31" [_thread_blocked, id=44896, stack(0x0000003f07e00000,0x0000003f07f00000)]
  0x00000219b678a400 JavaThread "Unconstrained build operations Thread 32" [_thread_blocked, id=21452, stack(0x0000003f07f00000,0x0000003f08000000)]
  0x00000219b678ae20 JavaThread "Unconstrained build operations Thread 33" [_thread_blocked, id=33624, stack(0x0000003f08000000,0x0000003f08100000)]
  0x00000219b678c260 JavaThread "Unconstrained build operations Thread 34" [_thread_blocked, id=3744, stack(0x0000003f08100000,0x0000003f08200000)]
  0x00000219b678b840 JavaThread "Unconstrained build operations Thread 35" [_thread_blocked, id=52204, stack(0x0000003f08200000,0x0000003f08300000)]
  0x00000219b6789ef0 JavaThread "Unconstrained build operations Thread 36" [_thread_blocked, id=40972, stack(0x0000003f08300000,0x0000003f08400000)]
  0x00000219b678a910 JavaThread "Unconstrained build operations Thread 37" [_thread_blocked, id=25916, stack(0x0000003f08400000,0x0000003f08500000)]
  0x00000219b678b330 JavaThread "Unconstrained build operations Thread 38" [_thread_blocked, id=17224, stack(0x0000003f08500000,0x0000003f08600000)]
  0x00000219b639a740 JavaThread "Unconstrained build operations Thread 39" [_thread_blocked, id=23200, stack(0x0000003f08600000,0x0000003f08700000)]
  0x00000219b63988e0 JavaThread "Unconstrained build operations Thread 40" [_thread_blocked, id=32236, stack(0x0000003f08700000,0x0000003f08800000)]
  0x00000219b6398df0 JavaThread "Unconstrained build operations Thread 41" [_thread_blocked, id=48160, stack(0x0000003f08800000,0x0000003f08900000)]
  0x00000219b6399d20 JavaThread "Unconstrained build operations Thread 42" [_thread_blocked, id=14732, stack(0x0000003f08900000,0x0000003f08a00000)]
  0x00000219b639a230 JavaThread "Unconstrained build operations Thread 43" [_thread_blocked, id=51444, stack(0x0000003f08a00000,0x0000003f08b00000)]
  0x00000219b639ac50 JavaThread "Unconstrained build operations Thread 44" [_thread_blocked, id=51576, stack(0x0000003f08b00000,0x0000003f08c00000)]
  0x00000219b639b670 JavaThread "Unconstrained build operations Thread 45" [_thread_blocked, id=9092, stack(0x0000003f08c00000,0x0000003f08d00000)]
  0x00000219b6399300 JavaThread "Unconstrained build operations Thread 46" [_thread_blocked, id=21584, stack(0x0000003f08d00000,0x0000003f08e00000)]
  0x00000219b6397ec0 JavaThread "Unconstrained build operations Thread 47" [_thread_blocked, id=41044, stack(0x0000003f08e00000,0x0000003f08f00000)]
  0x00000219b639b160 JavaThread "Unconstrained build operations Thread 48" [_thread_blocked, id=11276, stack(0x0000003f08f00000,0x0000003f09000000)]
  0x00000219b63983d0 JavaThread "Unconstrained build operations Thread 49" [_thread_blocked, id=15496, stack(0x0000003f09000000,0x0000003f09100000)]
  0x00000219b6399810 JavaThread "Unconstrained build operations Thread 50" [_thread_blocked, id=33960, stack(0x0000003f09100000,0x0000003f09200000)]
  0x00000219b639ee20 JavaThread "Unconstrained build operations Thread 51" [_thread_blocked, id=25092, stack(0x0000003f09200000,0x0000003f09300000)]
  0x00000219b639d4d0 JavaThread "Unconstrained build operations Thread 52" [_thread_blocked, id=24236, stack(0x0000003f09300000,0x0000003f09400000)]
  0x00000219b639c090 JavaThread "Unconstrained build operations Thread 53" [_thread_blocked, id=5368, stack(0x0000003f09400000,0x0000003f09500000)]
  0x00000219b639c5a0 JavaThread "Unconstrained build operations Thread 54" [_thread_blocked, id=9632, stack(0x0000003f09500000,0x0000003f09600000)]
  0x00000219b639cab0 JavaThread "Unconstrained build operations Thread 55" [_thread_blocked, id=15468, stack(0x0000003f09600000,0x0000003f09700000)]
  0x00000219b639d9e0 JavaThread "Unconstrained build operations Thread 56" [_thread_blocked, id=36176, stack(0x0000003f09700000,0x0000003f09800000)]
  0x00000219b639def0 JavaThread "Unconstrained build operations Thread 57" [_thread_blocked, id=19028, stack(0x0000003f09800000,0x0000003f09900000)]
  0x00000219b639e910 JavaThread "Unconstrained build operations Thread 58" [_thread_blocked, id=31668, stack(0x0000003f09900000,0x0000003f09a00000)]
  0x00000219b639e400 JavaThread "Unconstrained build operations Thread 59" [_thread_blocked, id=44472, stack(0x0000003f09a00000,0x0000003f09b00000)]
  0x00000219b639f330 JavaThread "Unconstrained build operations Thread 60" [_thread_blocked, id=32888, stack(0x0000003f09b00000,0x0000003f09c00000)]
  0x00000219b639cfc0 JavaThread "Unconstrained build operations Thread 61" [_thread_blocked, id=13576, stack(0x0000003f09c00000,0x0000003f09d00000)]
  0x00000219b639f840 JavaThread "Unconstrained build operations Thread 62" [_thread_blocked, id=2828, stack(0x0000003f09d00000,0x0000003f09e00000)]
  0x00000219b531d1a0 JavaThread "Unconstrained build operations Thread 63" [_thread_blocked, id=38272, stack(0x0000003f09e00000,0x0000003f09f00000)]
  0x00000219b531c780 JavaThread "Unconstrained build operations Thread 64" [_thread_blocked, id=43084, stack(0x0000003f09f00000,0x0000003f0a000000)]
  0x00000219b531eaf0 JavaThread "Unconstrained build operations Thread 65" [_thread_blocked, id=18560, stack(0x0000003f0a000000,0x0000003f0a100000)]
  0x00000219b531d6b0 JavaThread "Unconstrained build operations Thread 66" [_thread_blocked, id=43844, stack(0x0000003f0a100000,0x0000003f0a200000)]
  0x00000219b531dbc0 JavaThread "Unconstrained build operations Thread 67" [_thread_blocked, id=40100, stack(0x0000003f0a200000,0x0000003f0a300000)]
  0x00000219b531e0d0 JavaThread "Unconstrained build operations Thread 68" [_thread_blocked, id=31536, stack(0x0000003f0a300000,0x0000003f0a400000)]
  0x00000219b531b340 JavaThread "Unconstrained build operations Thread 69" [_thread_blocked, id=11352, stack(0x0000003f0a400000,0x0000003f0a500000)]
  0x00000219b531cc90 JavaThread "Unconstrained build operations Thread 70" [_thread_blocked, id=50328, stack(0x0000003f0a500000,0x0000003f0a600000)]
  0x00000219b531f000 JavaThread "Unconstrained build operations Thread 71" [_thread_blocked, id=47024, stack(0x0000003f0a600000,0x0000003f0a700000)]
  0x00000219b531e5e0 JavaThread "Unconstrained build operations Thread 72" [_thread_blocked, id=50932, stack(0x0000003f0a700000,0x0000003f0a800000)]
  0x00000219b531b850 JavaThread "Unconstrained build operations Thread 73" [_thread_blocked, id=2096, stack(0x0000003f0a800000,0x0000003f0a900000)]
  0x00000219b531f510 JavaThread "Unconstrained build operations Thread 74" [_thread_blocked, id=37188, stack(0x0000003f0a900000,0x0000003f0aa00000)]
  0x00000219b531bd60 JavaThread "Unconstrained build operations Thread 75" [_thread_blocked, id=43840, stack(0x0000003f0aa00000,0x0000003f0ab00000)]
  0x00000219b531fa20 JavaThread "Unconstrained build operations Thread 76" [_thread_blocked, id=32876, stack(0x0000003f0ab00000,0x0000003f0ac00000)]
  0x00000219b531c270 JavaThread "Unconstrained build operations Thread 77" [_thread_blocked, id=26524, stack(0x0000003f0ac00000,0x0000003f0ad00000)]
  0x00000219b5320440 JavaThread "jar transforms Thread 2" [_thread_blocked, id=44368, stack(0x0000003f0ad00000,0x0000003f0ae00000)]
  0x00000219b5320950 JavaThread "jar transforms Thread 3" [_thread_blocked, id=32544, stack(0x0000003f0ae00000,0x0000003f0af00000)]
  0x00000219b5320e60 JavaThread "Unconstrained build operations Thread 78" [_thread_blocked, id=43220, stack(0x0000003f0b000000,0x0000003f0b100000)]
  0x00000219b5321370 JavaThread "Unconstrained build operations Thread 79" [_thread_blocked, id=11560, stack(0x0000003f0b100000,0x0000003f0b200000)]
  0x00000219b531ff30 JavaThread "Unconstrained build operations Thread 80" [_thread_blocked, id=49132, stack(0x0000003f0b200000,0x0000003f0b300000)]
  0x00000219b5321880 JavaThread "jar transforms Thread 4" [_thread_blocked, id=13844, stack(0x0000003f0af00000,0x0000003f0b000000)]
  0x00000219b5322cc0 JavaThread "jar transforms Thread 5" [_thread_blocked, id=28468, stack(0x0000003f0b300000,0x0000003f0b400000)]
  0x00000219b5321d90 JavaThread "jar transforms Thread 6" [_thread_blocked, id=21660, stack(0x0000003f0b400000,0x0000003f0b500000)]
  0x00000219b53227b0 JavaThread "build event listener" [_thread_blocked, id=28848, stack(0x0000003f04600000,0x0000003f04700000)]
  0x00000219b5374230 JavaThread "jar transforms Thread 7" [_thread_blocked, id=23440, stack(0x0000003f04900000,0x0000003f04a00000)]
  0x00000219b7116580 JavaThread "jar transforms Thread 8" [_thread_blocked, id=40932, stack(0x0000003f0b500000,0x0000003f0b600000)]
  0x00000219b7115b60 JavaThread "Problems report writer" [_thread_blocked, id=36112, stack(0x0000003f0b600000,0x0000003f0b700000)]
  0x00000219b71132e0 JavaThread "Exec process" [_thread_blocked, id=25240, stack(0x0000003f01600000,0x0000003f01700000)]
  0x00000219b7117ed0 JavaThread "Exec process Thread 2" [_thread_blocked, id=53128, stack(0x0000003f06f00000,0x0000003f07000000)]
  0x00000219b7116fa0 JavaThread "Exec process Thread 3" [_thread_blocked, id=32580, stack(0x0000003f07000000,0x0000003f07100000)]
  0x00000219b7119820 JavaThread "File lock release action executor Thread 2" [_thread_blocked, id=13032, stack(0x0000003f07100000,0x0000003f07200000)]

Other Threads:
  0x00000219ffb19610 VMThread "VM Thread" [stack: 0x0000003f01d00000,0x0000003f01e00000] [id=28296]
  0x00000219f48cdc00 WatcherThread [stack: 0x0000003f02900000,0x0000003f02a00000] [id=50116]
  0x00000219f4929e80 GCTaskThread "GC Thread#0" [stack: 0x0000003f01800000,0x0000003f01900000] [id=29840]
  0x00000219b24f2e80 GCTaskThread "GC Thread#1" [stack: 0x0000003f02a00000,0x0000003f02b00000] [id=8040]
  0x00000219b2210180 GCTaskThread "GC Thread#2" [stack: 0x0000003f02b00000,0x0000003f02c00000] [id=13752]
  0x00000219b24c5bb0 GCTaskThread "GC Thread#3" [stack: 0x0000003f02c00000,0x0000003f02d00000] [id=37640]
  0x00000219b24c5e70 GCTaskThread "GC Thread#4" [stack: 0x0000003f02d00000,0x0000003f02e00000] [id=7924]
  0x00000219b24c6130 GCTaskThread "GC Thread#5" [stack: 0x0000003f02e00000,0x0000003f02f00000] [id=1704]
  0x00000219b490e400 GCTaskThread "GC Thread#6" [stack: 0x0000003f03c00000,0x0000003f03d00000] [id=24876]
  0x00000219b545f830 GCTaskThread "GC Thread#7" [stack: 0x0000003f03d00000,0x0000003f03e00000] [id=36160]
  0x00000219f493ace0 ConcurrentGCThread "G1 Main Marker" [stack: 0x0000003f01900000,0x0000003f01a00000] [id=51096]
  0x00000219f493b600 ConcurrentGCThread "G1 Conc#0" [stack: 0x0000003f01a00000,0x0000003f01b00000] [id=6548]
  0x00000219b4744240 ConcurrentGCThread "G1 Conc#1" [stack: 0x0000003f03e00000,0x0000003f03f00000] [id=12408]
  0x00000219f498e040 ConcurrentGCThread "G1 Refine#0" [stack: 0x0000003f01b00000,0x0000003f01c00000] [id=13448]
  0x00000219b3a98500 ConcurrentGCThread "G1 Refine#1" [stack: 0x0000003f04500000,0x0000003f04600000] [id=9792]
  0x00000219f498e590 ConcurrentGCThread "G1 Service" [stack: 0x0000003f01c00000,0x0000003f01d00000] [id=15524]

Threads with active compile tasks:
C2 CompilerThread0   259049 17708   !   4       java.beans.PropertyDescriptor::findPropertyType (145 bytes)

VM state: not at safepoint (normal execution)

VM Mutex/Monitor currently owned by a thread: None

Heap address: 0x0000000080000000, size: 2048 MB, Compressed Oops mode: 32-bit

CDS archive(s) mapped at: [0x0000021993000000-0x0000021993bd0000-0x0000021993bd0000), size 12386304, SharedBaseAddress: 0x0000021993000000, ArchiveRelocationMode: 1.
Compressed class space mapped at: 0x0000021994000000-0x00000219ae000000, reserved size: 436207616
Narrow klass base: 0x0000021993000000, Narrow klass shift: 0, Narrow klass range: 0x100000000

GC Precious Log:
 CPUs: 8 total, 8 available
 Memory: 16027M
 Large Page Support: Disabled
 NUMA Support: Disabled
 Compressed Oops: Enabled (32-bit)
 Heap Region Size: 1M
 Heap Min Capacity: 8M
 Heap Initial Capacity: 252M
 Heap Max Capacity: 2G
 Pre-touch: Disabled
 Parallel Workers: 8
 Concurrent Workers: 2
 Concurrent Refinement Workers: 8
 Periodic GC: Disabled

Heap:
 garbage-first heap   total 377856K, used 302913K [0x0000000080000000, 0x0000000100000000)
  region size 1024K, 38 young (38912K), 7 survivors (7168K)
 Metaspace       used 113110K, committed 115136K, reserved 557056K
  class space    used 15981K, committed 16896K, reserved 425984K

Heap Regions: E=young(eden), S=young(survivor), O=old, HS=humongous(starts), HC=humongous(continues), CS=collection set, F=free, OA=open archive, CA=closed archive, TAMS=top-at-mark-start (previous, next)
|   0|0x0000000080000000, 0x0000000080100000, 0x0000000080100000|100%|HS|  |TAMS 0x0000000080100000, 0x0000000080000000| Complete 
|   1|0x0000000080100000, 0x0000000080200000, 0x0000000080200000|100%|HC|  |TAMS 0x0000000080200000, 0x0000000080100000| Complete 
|   2|0x0000000080200000, 0x0000000080300000, 0x0000000080300000|100%|HC|  |TAMS 0x0000000080300000, 0x0000000080200000| Complete 
|   3|0x0000000080300000, 0x0000000080400000, 0x0000000080400000|100%| O|  |TAMS 0x0000000080400000, 0x0000000080300000| Untracked 
|   4|0x0000000080400000, 0x0000000080500000, 0x0000000080500000|100%| O|  |TAMS 0x0000000080500000, 0x0000000080400000| Untracked 
|   5|0x0000000080500000, 0x0000000080600000, 0x0000000080600000|100%| O|  |TAMS 0x0000000080600000, 0x0000000080500000| Untracked 
|   6|0x0000000080600000, 0x0000000080700000, 0x0000000080700000|100%|HS|  |TAMS 0x0000000080700000, 0x0000000080600000| Complete 
|   7|0x0000000080700000, 0x0000000080800000, 0x0000000080800000|100%| O|  |TAMS 0x0000000080800000, 0x0000000080700000| Untracked 
|   8|0x0000000080800000, 0x0000000080900000, 0x0000000080900000|100%| O|  |TAMS 0x0000000080900000, 0x0000000080800000| Untracked 
|   9|0x0000000080900000, 0x0000000080a00000, 0x0000000080a00000|100%| O|  |TAMS 0x0000000080a00000, 0x0000000080900000| Untracked 
|  10|0x0000000080a00000, 0x0000000080b00000, 0x0000000080b00000|100%| O|  |TAMS 0x0000000080b00000, 0x0000000080a00000| Untracked 
|  11|0x0000000080b00000, 0x0000000080c00000, 0x0000000080c00000|100%| O|  |TAMS 0x0000000080c00000, 0x0000000080b00000| Untracked 
|  12|0x0000000080c00000, 0x0000000080d00000, 0x0000000080d00000|100%| O|  |TAMS 0x0000000080d00000, 0x0000000080c00000| Untracked 
|  13|0x0000000080d00000, 0x0000000080e00000, 0x0000000080e00000|100%| O|  |TAMS 0x0000000080e00000, 0x0000000080d00000| Untracked 
|  14|0x0000000080e00000, 0x0000000080f00000, 0x0000000080f00000|100%| O|  |TAMS 0x0000000080f00000, 0x0000000080e00000| Untracked 
|  15|0x0000000080f00000, 0x0000000081000000, 0x0000000081000000|100%| O|  |TAMS 0x0000000081000000, 0x0000000080f00000| Untracked 
|  16|0x0000000081000000, 0x0000000081100000, 0x0000000081100000|100%| O|  |TAMS 0x0000000081100000, 0x0000000081000000| Untracked 
|  17|0x0000000081100000, 0x0000000081200000, 0x0000000081200000|100%| O|  |TAMS 0x0000000081200000, 0x0000000081100000| Untracked 
|  18|0x0000000081200000, 0x0000000081300000, 0x0000000081300000|100%| O|  |TAMS 0x0000000081300000, 0x0000000081200000| Untracked 
|  19|0x0000000081300000, 0x0000000081400000, 0x0000000081400000|100%| O|  |TAMS 0x0000000081400000, 0x0000000081300000| Untracked 
|  20|0x0000000081400000, 0x0000000081500000, 0x0000000081500000|100%| O|  |TAMS 0x0000000081500000, 0x0000000081400000| Untracked 
|  21|0x0000000081500000, 0x0000000081600000, 0x0000000081600000|100%| O|  |TAMS 0x0000000081600000, 0x0000000081500000| Untracked 
|  22|0x0000000081600000, 0x0000000081700000, 0x0000000081700000|100%| O|  |TAMS 0x0000000081700000, 0x0000000081600000| Untracked 
|  23|0x0000000081700000, 0x0000000081800000, 0x0000000081800000|100%| O|  |TAMS 0x0000000081800000, 0x0000000081700000| Untracked 
|  24|0x0000000081800000, 0x0000000081900000, 0x0000000081900000|100%| O|  |TAMS 0x0000000081900000, 0x0000000081800000| Untracked 
|  25|0x0000000081900000, 0x0000000081a00000, 0x0000000081a00000|100%| O|  |TAMS 0x0000000081a00000, 0x0000000081900000| Untracked 
|  26|0x0000000081a00000, 0x0000000081b00000, 0x0000000081b00000|100%| O|  |TAMS 0x0000000081b00000, 0x0000000081a00000| Untracked 
|  27|0x0000000081b00000, 0x0000000081c00000, 0x0000000081c00000|100%| O|  |TAMS 0x0000000081c00000, 0x0000000081b00000| Untracked 
|  28|0x0000000081c00000, 0x0000000081d00000, 0x0000000081d00000|100%| O|  |TAMS 0x0000000081d00000, 0x0000000081c00000| Untracked 
|  29|0x0000000081d00000, 0x0000000081e00000, 0x0000000081e00000|100%| O|  |TAMS 0x0000000081e00000, 0x0000000081d00000| Untracked 
|  30|0x0000000081e00000, 0x0000000081f00000, 0x0000000081f00000|100%| O|  |TAMS 0x0000000081f00000, 0x0000000081e00000| Untracked 
|  31|0x0000000081f00000, 0x0000000082000000, 0x0000000082000000|100%| O|  |TAMS 0x0000000082000000, 0x0000000081f00000| Untracked 
|  32|0x0000000082000000, 0x0000000082100000, 0x0000000082100000|100%| O|  |TAMS 0x0000000082100000, 0x0000000082000000| Untracked 
|  33|0x0000000082100000, 0x0000000082200000, 0x0000000082200000|100%| O|  |TAMS 0x0000000082200000, 0x0000000082100000| Untracked 
|  34|0x0000000082200000, 0x0000000082300000, 0x0000000082300000|100%| O|  |TAMS 0x0000000082300000, 0x0000000082200000| Untracked 
|  35|0x0000000082300000, 0x0000000082400000, 0x0000000082400000|100%| O|  |TAMS 0x0000000082400000, 0x0000000082300000| Untracked 
|  36|0x0000000082400000, 0x0000000082500000, 0x0000000082500000|100%| O|  |TAMS 0x0000000082500000, 0x0000000082400000| Untracked 
|  37|0x0000000082500000, 0x0000000082600000, 0x0000000082600000|100%| O|  |TAMS 0x0000000082600000, 0x0000000082500000| Untracked 
|  38|0x0000000082600000, 0x0000000082700000, 0x0000000082700000|100%| O|  |TAMS 0x0000000082700000, 0x0000000082600000| Untracked 
|  39|0x0000000082700000, 0x0000000082800000, 0x0000000082800000|100%| O|  |TAMS 0x0000000082800000, 0x0000000082700000| Untracked 
|  40|0x0000000082800000, 0x0000000082900000, 0x0000000082900000|100%|HS|  |TAMS 0x0000000082800000, 0x0000000082800000| Complete 
|  41|0x0000000082900000, 0x0000000082a00000, 0x0000000082a00000|100%| O|  |TAMS 0x0000000082a00000, 0x0000000082900000| Untracked 
|  42|0x0000000082a00000, 0x0000000082b00000, 0x0000000082b00000|100%| O|  |TAMS 0x0000000082b00000, 0x0000000082a00000| Untracked 
|  43|0x0000000082b00000, 0x0000000082c00000, 0x0000000082c00000|100%|HS|  |TAMS 0x0000000082c00000, 0x0000000082b00000| Complete 
|  44|0x0000000082c00000, 0x0000000082d00000, 0x0000000082d00000|100%|HC|  |TAMS 0x0000000082d00000, 0x0000000082c00000| Complete 
|  45|0x0000000082d00000, 0x0000000082e00000, 0x0000000082e00000|100%|HC|  |TAMS 0x0000000082e00000, 0x0000000082d00000| Complete 
|  46|0x0000000082e00000, 0x0000000082f00000, 0x0000000082f00000|100%|HS|  |TAMS 0x0000000082f00000, 0x0000000082e00000| Complete 
|  47|0x0000000082f00000, 0x0000000083000000, 0x0000000083000000|100%|HC|  |TAMS 0x0000000083000000, 0x0000000082f00000| Complete 
|  48|0x0000000083000000, 0x0000000083100000, 0x0000000083100000|100%|HC|  |TAMS 0x0000000083100000, 0x0000000083000000| Complete 
|  49|0x0000000083100000, 0x0000000083200000, 0x0000000083200000|100%| O|  |TAMS 0x0000000083200000, 0x0000000083100000| Untracked 
|  50|0x0000000083200000, 0x0000000083300000, 0x0000000083300000|100%| O|  |TAMS 0x0000000083300000, 0x0000000083200000| Untracked 
|  51|0x0000000083300000, 0x0000000083400000, 0x0000000083400000|100%| O|  |TAMS 0x0000000083400000, 0x0000000083300000| Untracked 
|  52|0x0000000083400000, 0x0000000083500000, 0x0000000083500000|100%| O|  |TAMS 0x0000000083500000, 0x0000000083400000| Untracked 
|  53|0x0000000083500000, 0x0000000083600000, 0x0000000083600000|100%| O|  |TAMS 0x0000000083600000, 0x0000000083500000| Untracked 
|  54|0x0000000083600000, 0x0000000083700000, 0x0000000083700000|100%| O|  |TAMS 0x0000000083700000, 0x0000000083600000| Untracked 
|  55|0x0000000083700000, 0x0000000083800000, 0x0000000083800000|100%| O|  |TAMS 0x0000000083800000, 0x0000000083700000| Untracked 
|  56|0x0000000083800000, 0x0000000083900000, 0x0000000083900000|100%| O|  |TAMS 0x0000000083900000, 0x0000000083800000| Untracked 
|  57|0x0000000083900000, 0x0000000083a00000, 0x0000000083a00000|100%| O|  |TAMS 0x0000000083a00000, 0x0000000083900000| Untracked 
|  58|0x0000000083a00000, 0x0000000083b00000, 0x0000000083b00000|100%| O|  |TAMS 0x0000000083b00000, 0x0000000083a00000| Untracked 
|  59|0x0000000083b00000, 0x0000000083c00000, 0x0000000083c00000|100%| O|  |TAMS 0x0000000083c00000, 0x0000000083b00000| Untracked 
|  60|0x0000000083c00000, 0x0000000083d00000, 0x0000000083d00000|100%|HS|  |TAMS 0x0000000083c00000, 0x0000000083c00000| Complete 
|  61|0x0000000083d00000, 0x0000000083e00000, 0x0000000083e00000|100%| O|  |TAMS 0x0000000083e00000, 0x0000000083d00000| Untracked 
|  62|0x0000000083e00000, 0x0000000083f00000, 0x0000000083f00000|100%| O|  |TAMS 0x0000000083f00000, 0x0000000083e00000| Untracked 
|  63|0x0000000083f00000, 0x0000000084000000, 0x0000000084000000|100%| O|  |TAMS 0x0000000084000000, 0x0000000083f00000| Untracked 
|  64|0x0000000084000000, 0x0000000084100000, 0x0000000084100000|100%| O|  |TAMS 0x0000000084100000, 0x0000000084000000| Untracked 
|  65|0x0000000084100000, 0x0000000084200000, 0x0000000084200000|100%| O|  |TAMS 0x0000000084200000, 0x0000000084100000| Untracked 
|  66|0x0000000084200000, 0x0000000084300000, 0x0000000084300000|100%| O|  |TAMS 0x0000000084300000, 0x0000000084200000| Untracked 
|  67|0x0000000084300000, 0x0000000084400000, 0x0000000084400000|100%|HS|  |TAMS 0x0000000084300000, 0x0000000084300000| Complete 
|  68|0x0000000084400000, 0x0000000084500000, 0x0000000084500000|100%| O|  |TAMS 0x0000000084500000, 0x0000000084400000| Untracked 
|  69|0x0000000084500000, 0x0000000084600000, 0x0000000084600000|100%| O|  |TAMS 0x0000000084600000, 0x0000000084500000| Untracked 
|  70|0x0000000084600000, 0x0000000084700000, 0x0000000084700000|100%| O|  |TAMS 0x0000000084700000, 0x0000000084600000| Untracked 
|  71|0x0000000084700000, 0x0000000084800000, 0x0000000084800000|100%| O|  |TAMS 0x0000000084800000, 0x0000000084700000| Untracked 
|  72|0x0000000084800000, 0x0000000084900000, 0x0000000084900000|100%| O|  |TAMS 0x0000000084900000, 0x0000000084800000| Untracked 
|  73|0x0000000084900000, 0x0000000084a00000, 0x0000000084a00000|100%| O|  |TAMS 0x0000000084a00000, 0x0000000084900000| Untracked 
|  74|0x0000000084a00000, 0x0000000084b00000, 0x0000000084b00000|100%| O|  |TAMS 0x0000000084b00000, 0x0000000084a00000| Untracked 
|  75|0x0000000084b00000, 0x0000000084c00000, 0x0000000084c00000|100%| O|  |TAMS 0x0000000084b00000, 0x0000000084b00000| Untracked 
|  76|0x0000000084c00000, 0x0000000084d00000, 0x0000000084d00000|100%| O|  |TAMS 0x0000000084d00000, 0x0000000084c00000| Untracked 
|  77|0x0000000084d00000, 0x0000000084e00000, 0x0000000084e00000|100%| O|  |TAMS 0x0000000084e00000, 0x0000000084d00000| Untracked 
|  78|0x0000000084e00000, 0x0000000084f00000, 0x0000000084f00000|100%| O|  |TAMS 0x0000000084f00000, 0x0000000084e00000| Untracked 
|  79|0x0000000084f00000, 0x0000000085000000, 0x0000000085000000|100%| O|  |TAMS 0x0000000084f00000, 0x0000000084f00000| Untracked 
|  80|0x0000000085000000, 0x0000000085100000, 0x0000000085100000|100%|HS|  |TAMS 0x0000000085100000, 0x0000000085000000| Complete 
|  81|0x0000000085100000, 0x0000000085200000, 0x0000000085200000|100%|HC|  |TAMS 0x0000000085200000, 0x0000000085100000| Complete 
|  82|0x0000000085200000, 0x0000000085300000, 0x0000000085300000|100%|HC|  |TAMS 0x0000000085300000, 0x0000000085200000| Complete 
|  83|0x0000000085300000, 0x0000000085400000, 0x0000000085400000|100%| O|  |TAMS 0x0000000085400000, 0x0000000085300000| Untracked 
|  84|0x0000000085400000, 0x0000000085500000, 0x0000000085500000|100%| O|  |TAMS 0x0000000085500000, 0x0000000085400000| Untracked 
|  85|0x0000000085500000, 0x0000000085600000, 0x0000000085600000|100%| O|  |TAMS 0x0000000085600000, 0x0000000085500000| Untracked 
|  86|0x0000000085600000, 0x0000000085700000, 0x0000000085700000|100%| O|  |TAMS 0x0000000085700000, 0x0000000085600000| Untracked 
|  87|0x0000000085700000, 0x0000000085800000, 0x0000000085800000|100%| O|  |TAMS 0x0000000085700000, 0x0000000085700000| Untracked 
|  88|0x0000000085800000, 0x0000000085900000, 0x0000000085900000|100%| O|  |TAMS 0x0000000085900000, 0x0000000085800000| Untracked 
|  89|0x0000000085900000, 0x0000000085a00000, 0x0000000085a00000|100%| O|  |TAMS 0x0000000085a00000, 0x0000000085900000| Untracked 
|  90|0x0000000085a00000, 0x0000000085b00000, 0x0000000085b00000|100%| O|  |TAMS 0x0000000085b00000, 0x0000000085a00000| Untracked 
|  91|0x0000000085b00000, 0x0000000085c00000, 0x0000000085c00000|100%| O|  |TAMS 0x0000000085c00000, 0x0000000085b00000| Untracked 
|  92|0x0000000085c00000, 0x0000000085d00000, 0x0000000085d00000|100%| O|  |TAMS 0x0000000085d00000, 0x0000000085c00000| Untracked 
|  93|0x0000000085d00000, 0x0000000085e00000, 0x0000000085e00000|100%| O|  |TAMS 0x0000000085e00000, 0x0000000085d00000| Untracked 
|  94|0x0000000085e00000, 0x0000000085f00000, 0x0000000085f00000|100%| O|  |TAMS 0x0000000085f00000, 0x0000000085e00000| Untracked 
|  95|0x0000000085f00000, 0x0000000086000000, 0x0000000086000000|100%|HS|  |TAMS 0x0000000086000000, 0x0000000085f00000| Complete 
|  96|0x0000000086000000, 0x0000000086100000, 0x0000000086100000|100%|HS|  |TAMS 0x0000000086100000, 0x0000000086000000| Complete 
|  97|0x0000000086100000, 0x0000000086200000, 0x0000000086200000|100%|HS|  |TAMS 0x0000000086200000, 0x0000000086100000| Complete 
|  98|0x0000000086200000, 0x0000000086300000, 0x0000000086300000|100%| O|  |TAMS 0x0000000086200000, 0x0000000086200000| Untracked 
|  99|0x0000000086300000, 0x0000000086400000, 0x0000000086400000|100%| O|  |TAMS 0x0000000086300000, 0x0000000086300000| Untracked 
| 100|0x0000000086400000, 0x0000000086500000, 0x0000000086500000|100%|HS|  |TAMS 0x0000000086500000, 0x0000000086400000| Complete 
| 101|0x0000000086500000, 0x0000000086600000, 0x0000000086600000|100%|HS|  |TAMS 0x0000000086600000, 0x0000000086500000| Complete 
| 102|0x0000000086600000, 0x0000000086700000, 0x0000000086700000|100%|HS|  |TAMS 0x0000000086700000, 0x0000000086600000| Complete 
| 103|0x0000000086700000, 0x0000000086800000, 0x0000000086800000|100%| O|  |TAMS 0x0000000086700000, 0x0000000086700000| Untracked 
| 104|0x0000000086800000, 0x0000000086900000, 0x0000000086900000|100%| O|  |TAMS 0x0000000086900000, 0x0000000086800000| Untracked 
| 105|0x0000000086900000, 0x0000000086a00000, 0x0000000086a00000|100%| O|  |TAMS 0x0000000086a00000, 0x0000000086900000| Untracked 
| 106|0x0000000086a00000, 0x0000000086b00000, 0x0000000086b00000|100%| O|  |TAMS 0x0000000086b00000, 0x0000000086a00000| Untracked 
| 107|0x0000000086b00000, 0x0000000086c00000, 0x0000000086c00000|100%| O|  |TAMS 0x0000000086c00000, 0x0000000086b00000| Untracked 
| 108|0x0000000086c00000, 0x0000000086d00000, 0x0000000086d00000|100%| O|  |TAMS 0x0000000086d00000, 0x0000000086c00000| Untracked 
| 109|0x0000000086d00000, 0x0000000086e00000, 0x0000000086e00000|100%| O|  |TAMS 0x0000000086e00000, 0x0000000086d00000| Untracked 
| 110|0x0000000086e00000, 0x0000000086f00000, 0x0000000086f00000|100%| O|  |TAMS 0x0000000086f00000, 0x0000000086e00000| Untracked 
| 111|0x0000000086f00000, 0x0000000087000000, 0x0000000087000000|100%| O|  |TAMS 0x0000000087000000, 0x0000000086f00000| Untracked 
| 112|0x0000000087000000, 0x0000000087100000, 0x0000000087100000|100%| O|  |TAMS 0x0000000087000000, 0x0000000087000000| Untracked 
| 113|0x0000000087100000, 0x0000000087200000, 0x0000000087200000|100%|HS|  |TAMS 0x0000000087200000, 0x0000000087100000| Complete 
| 114|0x0000000087200000, 0x0000000087300000, 0x0000000087300000|100%| O|  |TAMS 0x0000000087300000, 0x0000000087200000| Untracked 
| 115|0x0000000087300000, 0x0000000087400000, 0x0000000087400000|100%| O|  |TAMS 0x0000000087400000, 0x0000000087300000| Untracked 
| 116|0x0000000087400000, 0x0000000087500000, 0x0000000087500000|100%| O|  |TAMS 0x0000000087500000, 0x0000000087400000| Untracked 
| 117|0x0000000087500000, 0x0000000087600000, 0x0000000087600000|100%| O|  |TAMS 0x0000000087600000, 0x0000000087500000| Untracked 
| 118|0x0000000087600000, 0x0000000087700000, 0x0000000087700000|100%| O|  |TAMS 0x0000000087700000, 0x0000000087600000| Untracked 
| 119|0x0000000087700000, 0x0000000087800000, 0x0000000087800000|100%| O|  |TAMS 0x0000000087800000, 0x0000000087700000| Untracked 
| 120|0x0000000087800000, 0x0000000087900000, 0x0000000087900000|100%| O|  |TAMS 0x0000000087900000, 0x0000000087800000| Untracked 
| 121|0x0000000087900000, 0x0000000087a00000, 0x0000000087a00000|100%| O|  |TAMS 0x0000000087a00000, 0x0000000087900000| Untracked 
| 122|0x0000000087a00000, 0x0000000087b00000, 0x0000000087b00000|100%| O|  |TAMS 0x0000000087b00000, 0x0000000087a00000| Untracked 
| 123|0x0000000087b00000, 0x0000000087c00000, 0x0000000087c00000|100%| O|  |TAMS 0x0000000087c00000, 0x0000000087b00000| Untracked 
| 124|0x0000000087c00000, 0x0000000087d00000, 0x0000000087d00000|100%| O|  |TAMS 0x0000000087d00000, 0x0000000087c00000| Untracked 
| 125|0x0000000087d00000, 0x0000000087e00000, 0x0000000087e00000|100%| O|  |TAMS 0x0000000087e00000, 0x0000000087d00000| Untracked 
| 126|0x0000000087e00000, 0x0000000087f00000, 0x0000000087f00000|100%| O|  |TAMS 0x0000000087f00000, 0x0000000087e00000| Untracked 
| 127|0x0000000087f00000, 0x0000000088000000, 0x0000000088000000|100%| O|  |TAMS 0x0000000088000000, 0x0000000087f00000| Untracked 
| 128|0x0000000088000000, 0x0000000088100000, 0x0000000088100000|100%| O|  |TAMS 0x0000000088100000, 0x0000000088000000| Untracked 
| 129|0x0000000088100000, 0x0000000088200000, 0x0000000088200000|100%| O|  |TAMS 0x0000000088100000, 0x0000000088100000| Untracked 
| 130|0x0000000088200000, 0x0000000088300000, 0x0000000088300000|100%|HS|  |TAMS 0x0000000088200000, 0x0000000088200000| Complete 
| 131|0x0000000088300000, 0x0000000088400000, 0x0000000088400000|100%| O|  |TAMS 0x0000000088400000, 0x0000000088300000| Untracked 
| 132|0x0000000088400000, 0x0000000088500000, 0x0000000088500000|100%| O|  |TAMS 0x0000000088500000, 0x0000000088400000| Untracked 
| 133|0x0000000088500000, 0x0000000088600000, 0x0000000088600000|100%| O|  |TAMS 0x0000000088600000, 0x0000000088500000| Untracked 
| 134|0x0000000088600000, 0x0000000088700000, 0x0000000088700000|100%| O|  |TAMS 0x0000000088700000, 0x0000000088600000| Untracked 
| 135|0x0000000088700000, 0x0000000088800000, 0x0000000088800000|100%| O|  |TAMS 0x0000000088800000, 0x0000000088700000| Untracked 
| 136|0x0000000088800000, 0x0000000088900000, 0x0000000088900000|100%| O|  |TAMS 0x0000000088900000, 0x0000000088800000| Untracked 
| 137|0x0000000088900000, 0x0000000088a00000, 0x0000000088a00000|100%|HS|  |TAMS 0x0000000088900000, 0x0000000088900000| Complete 
| 138|0x0000000088a00000, 0x0000000088b00000, 0x0000000088b00000|100%| O|  |TAMS 0x0000000088b00000, 0x0000000088a00000| Untracked 
| 139|0x0000000088b00000, 0x0000000088c00000, 0x0000000088c00000|100%| O|  |TAMS 0x0000000088c00000, 0x0000000088b00000| Untracked 
| 140|0x0000000088c00000, 0x0000000088d00000, 0x0000000088d00000|100%| O|  |TAMS 0x0000000088d00000, 0x0000000088c00000| Untracked 
| 141|0x0000000088d00000, 0x0000000088e00000, 0x0000000088e00000|100%|HS|  |TAMS 0x0000000088d00000, 0x0000000088d00000| Complete 
| 142|0x0000000088e00000, 0x0000000088f00000, 0x0000000088f00000|100%| O|  |TAMS 0x0000000088e00000, 0x0000000088e00000| Untracked 
| 143|0x0000000088f00000, 0x0000000089000000, 0x0000000089000000|100%| O|  |TAMS 0x0000000088f00000, 0x0000000088f00000| Untracked 
| 144|0x0000000089000000, 0x0000000089100000, 0x0000000089100000|100%| O|  |TAMS 0x0000000089000000, 0x0000000089000000| Untracked 
| 145|0x0000000089100000, 0x0000000089200000, 0x0000000089200000|100%|HS|  |TAMS 0x0000000089200000, 0x0000000089100000| Complete 
| 146|0x0000000089200000, 0x0000000089300000, 0x0000000089300000|100%| O|  |TAMS 0x0000000089200000, 0x0000000089200000| Untracked 
| 147|0x0000000089300000, 0x0000000089400000, 0x0000000089400000|100%| O|  |TAMS 0x0000000089400000, 0x0000000089300000| Untracked 
| 148|0x0000000089400000, 0x0000000089500000, 0x0000000089500000|100%|HS|  |TAMS 0x0000000089500000, 0x0000000089400000| Complete 
| 149|0x0000000089500000, 0x0000000089600000, 0x0000000089600000|100%|HC|  |TAMS 0x0000000089600000, 0x0000000089500000| Complete 
| 150|0x0000000089600000, 0x0000000089700000, 0x0000000089700000|100%| O|  |TAMS 0x0000000089700000, 0x0000000089600000| Untracked 
| 151|0x0000000089700000, 0x0000000089800000, 0x0000000089800000|100%| O|  |TAMS 0x0000000089800000, 0x0000000089700000| Untracked 
| 152|0x0000000089800000, 0x0000000089900000, 0x0000000089900000|100%| O|  |TAMS 0x0000000089900000, 0x0000000089800000| Untracked 
| 153|0x0000000089900000, 0x0000000089a00000, 0x0000000089a00000|100%| O|  |TAMS 0x0000000089a00000, 0x0000000089900000| Untracked 
| 154|0x0000000089a00000, 0x0000000089b00000, 0x0000000089b00000|100%| O|  |TAMS 0x0000000089a00000, 0x0000000089a00000| Untracked 
| 155|0x0000000089b00000, 0x0000000089c00000, 0x0000000089c00000|100%| O|  |TAMS 0x0000000089c00000, 0x0000000089b00000| Untracked 
| 156|0x0000000089c00000, 0x0000000089d00000, 0x0000000089d00000|100%| O|  |TAMS 0x0000000089d00000, 0x0000000089c00000| Untracked 
| 157|0x0000000089d00000, 0x0000000089e00000, 0x0000000089e00000|100%| O|  |TAMS 0x0000000089e00000, 0x0000000089d00000| Untracked 
| 158|0x0000000089e00000, 0x0000000089f00000, 0x0000000089f00000|100%| O|  |TAMS 0x0000000089f00000, 0x0000000089e00000| Untracked 
| 159|0x0000000089f00000, 0x000000008a000000, 0x000000008a000000|100%| O|  |TAMS 0x000000008a000000, 0x0000000089f00000| Untracked 
| 160|0x000000008a000000, 0x000000008a100000, 0x000000008a100000|100%| O|  |TAMS 0x000000008a100000, 0x000000008a000000| Untracked 
| 161|0x000000008a100000, 0x000000008a200000, 0x000000008a200000|100%| O|  |TAMS 0x000000008a200000, 0x000000008a100000| Untracked 
| 162|0x000000008a200000, 0x000000008a300000, 0x000000008a300000|100%| O|  |TAMS 0x000000008a300000, 0x000000008a200000| Untracked 
| 163|0x000000008a300000, 0x000000008a400000, 0x000000008a400000|100%| O|  |TAMS 0x000000008a300000, 0x000000008a300000| Untracked 
| 164|0x000000008a400000, 0x000000008a500000, 0x000000008a500000|100%| O|  |TAMS 0x000000008a400000, 0x000000008a400000| Untracked 
| 165|0x000000008a500000, 0x000000008a600000, 0x000000008a600000|100%| O|  |TAMS 0x000000008a500000, 0x000000008a500000| Untracked 
| 166|0x000000008a600000, 0x000000008a700000, 0x000000008a700000|100%| O|  |TAMS 0x000000008a600000, 0x000000008a600000| Untracked 
| 167|0x000000008a700000, 0x000000008a800000, 0x000000008a800000|100%| O|  |TAMS 0x000000008a700000, 0x000000008a700000| Untracked 
| 168|0x000000008a800000, 0x000000008a900000, 0x000000008a900000|100%| O|  |TAMS 0x000000008a800000, 0x000000008a800000| Untracked 
| 169|0x000000008a900000, 0x000000008aa00000, 0x000000008aa00000|100%| O|  |TAMS 0x000000008a900000, 0x000000008a900000| Untracked 
| 170|0x000000008aa00000, 0x000000008ab00000, 0x000000008ab00000|100%| O|  |TAMS 0x000000008aa00000, 0x000000008aa00000| Untracked 
| 171|0x000000008ab00000, 0x000000008ac00000, 0x000000008ac00000|100%| O|  |TAMS 0x000000008ac00000, 0x000000008ab00000| Untracked 
| 172|0x000000008ac00000, 0x000000008ad00000, 0x000000008ad00000|100%|HS|  |TAMS 0x000000008ad00000, 0x000000008ac00000| Complete 
| 173|0x000000008ad00000, 0x000000008ae00000, 0x000000008ae00000|100%|HS|  |TAMS 0x000000008ae00000, 0x000000008ad00000| Complete 
| 174|0x000000008ae00000, 0x000000008af00000, 0x000000008af00000|100%|HS|  |TAMS 0x000000008af00000, 0x000000008ae00000| Complete 
| 175|0x000000008af00000, 0x000000008b000000, 0x000000008b000000|100%| O|  |TAMS 0x000000008b000000, 0x000000008af00000| Untracked 
| 176|0x000000008b000000, 0x000000008b100000, 0x000000008b100000|100%| O|  |TAMS 0x000000008b000000, 0x000000008b000000| Untracked 
| 177|0x000000008b100000, 0x000000008b200000, 0x000000008b200000|100%| O|  |TAMS 0x000000008b100000, 0x000000008b100000| Untracked 
| 178|0x000000008b200000, 0x000000008b300000, 0x000000008b300000|100%| O|  |TAMS 0x000000008b200000, 0x000000008b200000| Untracked 
| 179|0x000000008b300000, 0x000000008b400000, 0x000000008b400000|100%| O|  |TAMS 0x000000008b300000, 0x000000008b300000| Untracked 
| 180|0x000000008b400000, 0x000000008b500000, 0x000000008b500000|100%| O|  |TAMS 0x000000008b500000, 0x000000008b400000| Untracked 
| 181|0x000000008b500000, 0x000000008b600000, 0x000000008b600000|100%| O|  |TAMS 0x000000008b600000, 0x000000008b500000| Untracked 
| 182|0x000000008b600000, 0x000000008b700000, 0x000000008b700000|100%| O|  |TAMS 0x000000008b700000, 0x000000008b600000| Untracked 
| 183|0x000000008b700000, 0x000000008b800000, 0x000000008b800000|100%| O|  |TAMS 0x000000008b800000, 0x000000008b700000| Untracked 
| 184|0x000000008b800000, 0x000000008b900000, 0x000000008b900000|100%| O|  |TAMS 0x000000008b900000, 0x000000008b800000| Untracked 
| 185|0x000000008b900000, 0x000000008ba00000, 0x000000008ba00000|100%| O|  |TAMS 0x000000008ba00000, 0x000000008b900000| Untracked 
| 186|0x000000008ba00000, 0x000000008bb00000, 0x000000008bb00000|100%| O|  |TAMS 0x000000008bb00000, 0x000000008ba00000| Untracked 
| 187|0x000000008bb00000, 0x000000008bc00000, 0x000000008bc00000|100%| O|  |TAMS 0x000000008bb00000, 0x000000008bb00000| Untracked 
| 188|0x000000008bc00000, 0x000000008bd00000, 0x000000008bd00000|100%| O|  |TAMS 0x000000008bc00000, 0x000000008bc00000| Untracked 
| 189|0x000000008bd00000, 0x000000008be00000, 0x000000008be00000|100%| O|  |TAMS 0x000000008be00000, 0x000000008bd00000| Untracked 
| 190|0x000000008be00000, 0x000000008bf00000, 0x000000008bf00000|100%| O|  |TAMS 0x000000008be00000, 0x000000008be00000| Untracked 
| 191|0x000000008bf00000, 0x000000008c000000, 0x000000008c000000|100%| O|  |TAMS 0x000000008bf00000, 0x000000008bf00000| Untracked 
| 192|0x000000008c000000, 0x000000008c100000, 0x000000008c100000|100%| O|  |TAMS 0x000000008c100000, 0x000000008c000000| Untracked 
| 193|0x000000008c100000, 0x000000008c200000, 0x000000008c200000|100%| O|  |TAMS 0x000000008c100000, 0x000000008c100000| Untracked 
| 194|0x000000008c200000, 0x000000008c300000, 0x000000008c300000|100%|HS|  |TAMS 0x000000008c300000, 0x000000008c200000| Complete 
| 195|0x000000008c300000, 0x000000008c400000, 0x000000008c400000|100%|HS|  |TAMS 0x000000008c400000, 0x000000008c300000| Complete 
| 196|0x000000008c400000, 0x000000008c500000, 0x000000008c500000|100%|HS|  |TAMS 0x000000008c500000, 0x000000008c400000| Complete 
| 197|0x000000008c500000, 0x000000008c600000, 0x000000008c600000|100%|HS|  |TAMS 0x000000008c600000, 0x000000008c500000| Complete 
| 198|0x000000008c600000, 0x000000008c700000, 0x000000008c700000|100%| O|  |TAMS 0x000000008c700000, 0x000000008c600000| Untracked 
| 199|0x000000008c700000, 0x000000008c800000, 0x000000008c800000|100%| O|  |TAMS 0x000000008c700000, 0x000000008c700000| Untracked 
| 200|0x000000008c800000, 0x000000008c900000, 0x000000008c900000|100%| O|  |TAMS 0x000000008c800000, 0x000000008c800000| Untracked 
| 201|0x000000008c900000, 0x000000008ca00000, 0x000000008ca00000|100%| O|  |TAMS 0x000000008ca00000, 0x000000008c900000| Untracked 
| 202|0x000000008ca00000, 0x000000008cb00000, 0x000000008cb00000|100%| O|  |TAMS 0x000000008cb00000, 0x000000008ca00000| Untracked 
| 203|0x000000008cb00000, 0x000000008cc00000, 0x000000008cc00000|100%| O|  |TAMS 0x000000008cc00000, 0x000000008cb00000| Untracked 
| 204|0x000000008cc00000, 0x000000008cd00000, 0x000000008cd00000|100%| O|  |TAMS 0x000000008cd00000, 0x000000008cc00000| Untracked 
| 205|0x000000008cd00000, 0x000000008ce00000, 0x000000008ce00000|100%| O|  |TAMS 0x000000008ce00000, 0x000000008cd00000| Untracked 
| 206|0x000000008ce00000, 0x000000008cf00000, 0x000000008cf00000|100%| O|  |TAMS 0x000000008cf00000, 0x000000008ce00000| Untracked 
| 207|0x000000008cf00000, 0x000000008d000000, 0x000000008d000000|100%| O|  |TAMS 0x000000008cf00000, 0x000000008cf00000| Untracked 
| 208|0x000000008d000000, 0x000000008d100000, 0x000000008d100000|100%| O|  |TAMS 0x000000008d000000, 0x000000008d000000| Untracked 
| 209|0x000000008d100000, 0x000000008d200000, 0x000000008d200000|100%| O|  |TAMS 0x000000008d100000, 0x000000008d100000| Untracked 
| 210|0x000000008d200000, 0x000000008d300000, 0x000000008d300000|100%| O|  |TAMS 0x000000008d200000, 0x000000008d200000| Untracked 
| 211|0x000000008d300000, 0x000000008d400000, 0x000000008d400000|100%| O|  |TAMS 0x000000008d300000, 0x000000008d300000| Untracked 
| 212|0x000000008d400000, 0x000000008d500000, 0x000000008d500000|100%| O|  |TAMS 0x000000008d400000, 0x000000008d400000| Untracked 
| 213|0x000000008d500000, 0x000000008d600000, 0x000000008d600000|100%| O|  |TAMS 0x000000008d500000, 0x000000008d500000| Untracked 
| 214|0x000000008d600000, 0x000000008d700000, 0x000000008d700000|100%| O|  |TAMS 0x000000008d600000, 0x000000008d600000| Untracked 
| 215|0x000000008d700000, 0x000000008d800000, 0x000000008d800000|100%| O|  |TAMS 0x000000008d700000, 0x000000008d700000| Untracked 
| 216|0x000000008d800000, 0x000000008d900000, 0x000000008d900000|100%| O|  |TAMS 0x000000008d800000, 0x000000008d800000| Untracked 
| 217|0x000000008d900000, 0x000000008da00000, 0x000000008da00000|100%| O|  |TAMS 0x000000008d900000, 0x000000008d900000| Untracked 
| 218|0x000000008da00000, 0x000000008db00000, 0x000000008db00000|100%| O|  |TAMS 0x000000008da00000, 0x000000008da00000| Untracked 
| 219|0x000000008db00000, 0x000000008dc00000, 0x000000008dc00000|100%| O|  |TAMS 0x000000008db00000, 0x000000008db00000| Untracked 
| 220|0x000000008dc00000, 0x000000008dd00000, 0x000000008dd00000|100%| O|  |TAMS 0x000000008dc00000, 0x000000008dc00000| Untracked 
| 221|0x000000008dd00000, 0x000000008de00000, 0x000000008de00000|100%| O|  |TAMS 0x000000008dd00000, 0x000000008dd00000| Untracked 
| 222|0x000000008de00000, 0x000000008df00000, 0x000000008df00000|100%| O|  |TAMS 0x000000008de00000, 0x000000008de00000| Untracked 
| 223|0x000000008df00000, 0x000000008e000000, 0x000000008e000000|100%| O|  |TAMS 0x000000008df00000, 0x000000008df00000| Untracked 
| 224|0x000000008e000000, 0x000000008e100000, 0x000000008e100000|100%| O|  |TAMS 0x000000008e000000, 0x000000008e000000| Untracked 
| 225|0x000000008e100000, 0x000000008e200000, 0x000000008e200000|100%| O|  |TAMS 0x000000008e100000, 0x000000008e100000| Untracked 
| 226|0x000000008e200000, 0x000000008e300000, 0x000000008e300000|100%| O|  |TAMS 0x000000008e200000, 0x000000008e200000| Untracked 
| 227|0x000000008e300000, 0x000000008e400000, 0x000000008e400000|100%| O|  |TAMS 0x000000008e300000, 0x000000008e300000| Untracked 
| 228|0x000000008e400000, 0x000000008e500000, 0x000000008e500000|100%| O|  |TAMS 0x000000008e400000, 0x000000008e400000| Untracked 
| 229|0x000000008e500000, 0x000000008e600000, 0x000000008e600000|100%| O|  |TAMS 0x000000008e500000, 0x000000008e500000| Untracked 
| 230|0x000000008e600000, 0x000000008e700000, 0x000000008e700000|100%| O|  |TAMS 0x000000008e600000, 0x000000008e600000| Untracked 
| 231|0x000000008e700000, 0x000000008e800000, 0x000000008e800000|100%| O|  |TAMS 0x000000008e700000, 0x000000008e700000| Untracked 
| 232|0x000000008e800000, 0x000000008e900000, 0x000000008e900000|100%| O|  |TAMS 0x000000008e800000, 0x000000008e800000| Untracked 
| 233|0x000000008e900000, 0x000000008ea00000, 0x000000008ea00000|100%| O|  |TAMS 0x000000008e900000, 0x000000008e900000| Untracked 
| 234|0x000000008ea00000, 0x000000008eb00000, 0x000000008eb00000|100%| O|  |TAMS 0x000000008ea00000, 0x000000008ea00000| Untracked 
| 235|0x000000008eb00000, 0x000000008ec00000, 0x000000008ec00000|100%| O|  |TAMS 0x000000008eb00000, 0x000000008eb00000| Untracked 
| 236|0x000000008ec00000, 0x000000008ed00000, 0x000000008ed00000|100%| O|  |TAMS 0x000000008ec00000, 0x000000008ec00000| Untracked 
| 237|0x000000008ed00000, 0x000000008ee00000, 0x000000008ee00000|100%| O|  |TAMS 0x000000008ed00000, 0x000000008ed00000| Untracked 
| 238|0x000000008ee00000, 0x000000008ef00000, 0x000000008ef00000|100%| O|  |TAMS 0x000000008ee00000, 0x000000008ee00000| Untracked 
| 239|0x000000008ef00000, 0x000000008f000000, 0x000000008f000000|100%| O|  |TAMS 0x000000008ef00000, 0x000000008ef00000| Untracked 
| 240|0x000000008f000000, 0x000000008f100000, 0x000000008f100000|100%| O|  |TAMS 0x000000008f000000, 0x000000008f000000| Untracked 
| 241|0x000000008f100000, 0x000000008f200000, 0x000000008f200000|100%| O|  |TAMS 0x000000008f100000, 0x000000008f100000| Untracked 
| 242|0x000000008f200000, 0x000000008f300000, 0x000000008f300000|100%| O|  |TAMS 0x000000008f200000, 0x000000008f200000| Untracked 
| 243|0x000000008f300000, 0x000000008f400000, 0x000000008f400000|100%| O|  |TAMS 0x000000008f300000, 0x000000008f300000| Untracked 
| 244|0x000000008f400000, 0x000000008f500000, 0x000000008f500000|100%| O|  |TAMS 0x000000008f400000, 0x000000008f400000| Untracked 
| 245|0x000000008f500000, 0x000000008f600000, 0x000000008f600000|100%| O|  |TAMS 0x000000008f500000, 0x000000008f500000| Untracked 
| 246|0x000000008f600000, 0x000000008f700000, 0x000000008f700000|100%| O|  |TAMS 0x000000008f600000, 0x000000008f600000| Untracked 
| 247|0x000000008f700000, 0x000000008f800000, 0x000000008f800000|100%|HS|  |TAMS 0x000000008f700000, 0x000000008f700000| Complete 
| 248|0x000000008f800000, 0x000000008f900000, 0x000000008f900000|100%|HS|  |TAMS 0x000000008f800000, 0x000000008f800000| Complete 
| 249|0x000000008f900000, 0x000000008fa00000, 0x000000008fa00000|100%| O|  |TAMS 0x000000008f900000, 0x000000008f900000| Untracked 
| 250|0x000000008fa00000, 0x000000008fb00000, 0x000000008fb00000|100%| O|  |TAMS 0x000000008fa00000, 0x000000008fa00000| Untracked 
| 251|0x000000008fb00000, 0x000000008fc00000, 0x000000008fc00000|100%| O|  |TAMS 0x000000008fb00000, 0x000000008fb00000| Untracked 
| 252|0x000000008fc00000, 0x000000008fd00000, 0x000000008fd00000|100%| O|  |TAMS 0x000000008fc00000, 0x000000008fc00000| Untracked 
| 253|0x000000008fd00000, 0x000000008fe00000, 0x000000008fe00000|100%| O|  |TAMS 0x000000008fd00000, 0x000000008fd00000| Untracked 
| 254|0x000000008fe00000, 0x000000008ff00000, 0x000000008ff00000|100%| O|  |TAMS 0x000000008fe00000, 0x000000008fe00000| Untracked 
| 255|0x000000008ff00000, 0x0000000090000000, 0x0000000090000000|100%| O|  |TAMS 0x000000008ff00000, 0x000000008ff00000| Untracked 
| 256|0x0000000090000000, 0x0000000090100000, 0x0000000090100000|100%| O|  |TAMS 0x0000000090000000, 0x0000000090000000| Untracked 
| 257|0x0000000090100000, 0x0000000090200000, 0x0000000090200000|100%| O|  |TAMS 0x0000000090100000, 0x0000000090100000| Untracked 
| 258|0x0000000090200000, 0x0000000090200000, 0x0000000090300000|  0%| F|  |TAMS 0x0000000090200000, 0x0000000090200000| Untracked 
| 259|0x0000000090300000, 0x0000000090400000, 0x0000000090400000|100%| O|  |TAMS 0x0000000090300000, 0x0000000090300000| Untracked 
| 260|0x0000000090400000, 0x000000009048e600, 0x0000000090500000| 55%| O|  |TAMS 0x0000000090400000, 0x0000000090400000| Untracked 
| 261|0x0000000090500000, 0x0000000090500000, 0x0000000090600000|  0%| F|  |TAMS 0x0000000090500000, 0x0000000090500000| Untracked 
| 262|0x0000000090600000, 0x0000000090600000, 0x0000000090700000|  0%| F|  |TAMS 0x0000000090600000, 0x0000000090600000| Untracked 
| 263|0x0000000090700000, 0x0000000090700000, 0x0000000090800000|  0%| F|  |TAMS 0x0000000090700000, 0x0000000090700000| Untracked 
| 264|0x0000000090800000, 0x0000000090800000, 0x0000000090900000|  0%| F|  |TAMS 0x0000000090800000, 0x0000000090800000| Untracked 
| 265|0x0000000090900000, 0x0000000090900000, 0x0000000090a00000|  0%| F|  |TAMS 0x0000000090900000, 0x0000000090900000| Untracked 
| 266|0x0000000090a00000, 0x0000000090a00000, 0x0000000090b00000|  0%| F|  |TAMS 0x0000000090a00000, 0x0000000090a00000| Untracked 
| 267|0x0000000090b00000, 0x0000000090b00000, 0x0000000090c00000|  0%| F|  |TAMS 0x0000000090b00000, 0x0000000090b00000| Untracked 
| 268|0x0000000090c00000, 0x0000000090c00000, 0x0000000090d00000|  0%| F|  |TAMS 0x0000000090c00000, 0x0000000090c00000| Untracked 
| 269|0x0000000090d00000, 0x0000000090d00000, 0x0000000090e00000|  0%| F|  |TAMS 0x0000000090d00000, 0x0000000090d00000| Untracked 
| 270|0x0000000090e00000, 0x0000000090e00000, 0x0000000090f00000|  0%| F|  |TAMS 0x0000000090e00000, 0x0000000090e00000| Untracked 
| 271|0x0000000090f00000, 0x0000000090f00000, 0x0000000091000000|  0%| F|  |TAMS 0x0000000090f00000, 0x0000000090f00000| Untracked 
| 272|0x0000000091000000, 0x0000000091000000, 0x0000000091100000|  0%| F|  |TAMS 0x0000000091000000, 0x0000000091000000| Untracked 
| 273|0x0000000091100000, 0x0000000091100000, 0x0000000091200000|  0%| F|  |TAMS 0x0000000091100000, 0x0000000091100000| Untracked 
| 274|0x0000000091200000, 0x0000000091200000, 0x0000000091300000|  0%| F|  |TAMS 0x0000000091200000, 0x0000000091200000| Untracked 
| 275|0x0000000091300000, 0x0000000091300000, 0x0000000091400000|  0%| F|  |TAMS 0x0000000091300000, 0x0000000091300000| Untracked 
| 276|0x0000000091400000, 0x0000000091400000, 0x0000000091500000|  0%| F|  |TAMS 0x0000000091400000, 0x0000000091400000| Untracked 
| 277|0x0000000091500000, 0x0000000091500000, 0x0000000091600000|  0%| F|  |TAMS 0x0000000091500000, 0x0000000091500000| Untracked 
| 278|0x0000000091600000, 0x0000000091600000, 0x0000000091700000|  0%| F|  |TAMS 0x0000000091600000, 0x0000000091600000| Untracked 
| 279|0x0000000091700000, 0x0000000091700000, 0x0000000091800000|  0%| F|  |TAMS 0x0000000091700000, 0x0000000091700000| Untracked 
| 280|0x0000000091800000, 0x0000000091800000, 0x0000000091900000|  0%| F|  |TAMS 0x0000000091800000, 0x0000000091800000| Untracked 
| 281|0x0000000091900000, 0x0000000091900000, 0x0000000091a00000|  0%| F|  |TAMS 0x0000000091900000, 0x0000000091900000| Untracked 
| 282|0x0000000091a00000, 0x0000000091a00000, 0x0000000091b00000|  0%| F|  |TAMS 0x0000000091a00000, 0x0000000091a00000| Untracked 
| 283|0x0000000091b00000, 0x0000000091b00000, 0x0000000091c00000|  0%| F|  |TAMS 0x0000000091b00000, 0x0000000091b00000| Untracked 
| 284|0x0000000091c00000, 0x0000000091c00000, 0x0000000091d00000|  0%| F|  |TAMS 0x0000000091c00000, 0x0000000091c00000| Untracked 
| 285|0x0000000091d00000, 0x0000000091d00000, 0x0000000091e00000|  0%| F|  |TAMS 0x0000000091d00000, 0x0000000091d00000| Untracked 
| 286|0x0000000091e00000, 0x0000000091e00000, 0x0000000091f00000|  0%| F|  |TAMS 0x0000000091e00000, 0x0000000091e00000| Untracked 
| 287|0x0000000091f00000, 0x0000000091f00000, 0x0000000092000000|  0%| F|  |TAMS 0x0000000091f00000, 0x0000000091f00000| Untracked 
| 288|0x0000000092000000, 0x0000000092000000, 0x0000000092100000|  0%| F|  |TAMS 0x0000000092000000, 0x0000000092000000| Untracked 
| 289|0x0000000092100000, 0x0000000092100000, 0x0000000092200000|  0%| F|  |TAMS 0x0000000092100000, 0x0000000092100000| Untracked 
| 290|0x0000000092200000, 0x0000000092200000, 0x0000000092300000|  0%| F|  |TAMS 0x0000000092200000, 0x0000000092200000| Untracked 
| 291|0x0000000092300000, 0x0000000092300000, 0x0000000092400000|  0%| F|  |TAMS 0x0000000092300000, 0x0000000092300000| Untracked 
| 292|0x0000000092400000, 0x0000000092400000, 0x0000000092500000|  0%| F|  |TAMS 0x0000000092400000, 0x0000000092400000| Untracked 
| 293|0x0000000092500000, 0x0000000092500000, 0x0000000092600000|  0%| F|  |TAMS 0x0000000092500000, 0x0000000092500000| Untracked 
| 294|0x0000000092600000, 0x0000000092600000, 0x0000000092700000|  0%| F|  |TAMS 0x0000000092600000, 0x0000000092600000| Untracked 
| 295|0x0000000092700000, 0x0000000092700000, 0x0000000092800000|  0%| F|  |TAMS 0x0000000092700000, 0x0000000092700000| Untracked 
| 296|0x0000000092800000, 0x0000000092800000, 0x0000000092900000|  0%| F|  |TAMS 0x0000000092800000, 0x0000000092800000| Untracked 
| 297|0x0000000092900000, 0x0000000092900000, 0x0000000092a00000|  0%| F|  |TAMS 0x0000000092900000, 0x0000000092900000| Untracked 
| 298|0x0000000092a00000, 0x0000000092a00000, 0x0000000092b00000|  0%| F|  |TAMS 0x0000000092a00000, 0x0000000092a00000| Untracked 
| 299|0x0000000092b00000, 0x0000000092b00000, 0x0000000092c00000|  0%| F|  |TAMS 0x0000000092b00000, 0x0000000092b00000| Untracked 
| 300|0x0000000092c00000, 0x0000000092c00000, 0x0000000092d00000|  0%| F|  |TAMS 0x0000000092c00000, 0x0000000092c00000| Untracked 
| 301|0x0000000092d00000, 0x0000000092d00000, 0x0000000092e00000|  0%| F|  |TAMS 0x0000000092d00000, 0x0000000092d00000| Untracked 
| 302|0x0000000092e00000, 0x0000000092e00000, 0x0000000092f00000|  0%| F|  |TAMS 0x0000000092e00000, 0x0000000092e00000| Untracked 
| 303|0x0000000092f00000, 0x0000000092f00000, 0x0000000093000000|  0%| F|  |TAMS 0x0000000092f00000, 0x0000000092f00000| Untracked 
| 304|0x0000000093000000, 0x0000000093000000, 0x0000000093100000|  0%| F|  |TAMS 0x0000000093000000, 0x0000000093000000| Untracked 
| 305|0x0000000093100000, 0x0000000093100000, 0x0000000093200000|  0%| F|  |TAMS 0x0000000093100000, 0x0000000093100000| Untracked 
| 306|0x0000000093200000, 0x0000000093241f20, 0x0000000093300000| 25%| S|CS|TAMS 0x0000000093200000, 0x0000000093200000| Complete 
| 307|0x0000000093300000, 0x0000000093400000, 0x0000000093400000|100%| S|CS|TAMS 0x0000000093300000, 0x0000000093300000| Complete 
| 308|0x0000000093400000, 0x0000000093500000, 0x0000000093500000|100%| S|CS|TAMS 0x0000000093400000, 0x0000000093400000| Complete 
| 309|0x0000000093500000, 0x0000000093600000, 0x0000000093600000|100%| S|CS|TAMS 0x0000000093500000, 0x0000000093500000| Complete 
| 310|0x0000000093600000, 0x0000000093700000, 0x0000000093700000|100%| S|CS|TAMS 0x0000000093600000, 0x0000000093600000| Complete 
| 311|0x0000000093700000, 0x0000000093700000, 0x0000000093800000|  0%| F|  |TAMS 0x0000000093700000, 0x0000000093700000| Untracked 
| 312|0x0000000093800000, 0x0000000093800000, 0x0000000093900000|  0%| F|  |TAMS 0x0000000093800000, 0x0000000093800000| Untracked 
| 313|0x0000000093900000, 0x0000000093900000, 0x0000000093a00000|  0%| F|  |TAMS 0x0000000093900000, 0x0000000093900000| Untracked 
| 314|0x0000000093a00000, 0x0000000093a00000, 0x0000000093b00000|  0%| F|  |TAMS 0x0000000093a00000, 0x0000000093a00000| Untracked 
| 315|0x0000000093b00000, 0x0000000093b00000, 0x0000000093c00000|  0%| F|  |TAMS 0x0000000093b00000, 0x0000000093b00000| Untracked 
| 316|0x0000000093c00000, 0x0000000093c00000, 0x0000000093d00000|  0%| F|  |TAMS 0x0000000093c00000, 0x0000000093c00000| Untracked 
| 317|0x0000000093d00000, 0x0000000093e00000, 0x0000000093e00000|100%| S|CS|TAMS 0x0000000093d00000, 0x0000000093d00000| Complete 
| 318|0x0000000093e00000, 0x0000000093f00000, 0x0000000093f00000|100%| S|CS|TAMS 0x0000000093e00000, 0x0000000093e00000| Complete 
| 319|0x0000000093f00000, 0x0000000093f00000, 0x0000000094000000|  0%| F|  |TAMS 0x0000000093f00000, 0x0000000093f00000| Untracked 
| 320|0x0000000094000000, 0x0000000094000000, 0x0000000094100000|  0%| F|  |TAMS 0x0000000094000000, 0x0000000094000000| Untracked 
| 321|0x0000000094100000, 0x0000000094100000, 0x0000000094200000|  0%| F|  |TAMS 0x0000000094100000, 0x0000000094100000| Untracked 
| 322|0x0000000094200000, 0x0000000094200000, 0x0000000094300000|  0%| F|  |TAMS 0x0000000094200000, 0x0000000094200000| Untracked 
| 323|0x0000000094300000, 0x0000000094300000, 0x0000000094400000|  0%| F|  |TAMS 0x0000000094300000, 0x0000000094300000| Untracked 
| 324|0x0000000094400000, 0x0000000094400000, 0x0000000094500000|  0%| F|  |TAMS 0x0000000094400000, 0x0000000094400000| Untracked 
| 325|0x0000000094500000, 0x0000000094500000, 0x0000000094600000|  0%| F|  |TAMS 0x0000000094500000, 0x0000000094500000| Untracked 
| 326|0x0000000094600000, 0x0000000094600000, 0x0000000094700000|  0%| F|  |TAMS 0x0000000094600000, 0x0000000094600000| Untracked 
| 327|0x0000000094700000, 0x0000000094700000, 0x0000000094800000|  0%| F|  |TAMS 0x0000000094700000, 0x0000000094700000| Untracked 
| 328|0x0000000094800000, 0x0000000094800000, 0x0000000094900000|  0%| F|  |TAMS 0x0000000094800000, 0x0000000094800000| Untracked 
| 329|0x0000000094900000, 0x0000000094900000, 0x0000000094a00000|  0%| F|  |TAMS 0x0000000094900000, 0x0000000094900000| Untracked 
| 330|0x0000000094a00000, 0x0000000094a00000, 0x0000000094b00000|  0%| F|  |TAMS 0x0000000094a00000, 0x0000000094a00000| Untracked 
| 331|0x0000000094b00000, 0x0000000094b00000, 0x0000000094c00000|  0%| F|  |TAMS 0x0000000094b00000, 0x0000000094b00000| Untracked 
| 332|0x0000000094c00000, 0x0000000094c00000, 0x0000000094d00000|  0%| F|  |TAMS 0x0000000094c00000, 0x0000000094c00000| Untracked 
| 333|0x0000000094d00000, 0x0000000094d00000, 0x0000000094e00000|  0%| F|  |TAMS 0x0000000094d00000, 0x0000000094d00000| Untracked 
| 334|0x0000000094e00000, 0x0000000094e00000, 0x0000000094f00000|  0%| F|  |TAMS 0x0000000094e00000, 0x0000000094e00000| Untracked 
| 335|0x0000000094f00000, 0x0000000094f00000, 0x0000000095000000|  0%| F|  |TAMS 0x0000000094f00000, 0x0000000094f00000| Untracked 
| 336|0x0000000095000000, 0x0000000095000000, 0x0000000095100000|  0%| F|  |TAMS 0x0000000095000000, 0x0000000095000000| Untracked 
| 337|0x0000000095100000, 0x0000000095100000, 0x0000000095200000|  0%| F|  |TAMS 0x0000000095100000, 0x0000000095100000| Untracked 
| 338|0x0000000095200000, 0x0000000095257090, 0x0000000095300000| 33%| E|  |TAMS 0x0000000095200000, 0x0000000095200000| Complete 
| 339|0x0000000095300000, 0x0000000095400000, 0x0000000095400000|100%| E|CS|TAMS 0x0000000095300000, 0x0000000095300000| Complete 
| 340|0x0000000095400000, 0x0000000095500000, 0x0000000095500000|100%| E|CS|TAMS 0x0000000095400000, 0x0000000095400000| Complete 
| 341|0x0000000095500000, 0x0000000095600000, 0x0000000095600000|100%| E|CS|TAMS 0x0000000095500000, 0x0000000095500000| Complete 
| 342|0x0000000095600000, 0x0000000095700000, 0x0000000095700000|100%| E|CS|TAMS 0x0000000095600000, 0x0000000095600000| Complete 
| 343|0x0000000095700000, 0x0000000095800000, 0x0000000095800000|100%| E|CS|TAMS 0x0000000095700000, 0x0000000095700000| Complete 
| 344|0x0000000095800000, 0x0000000095900000, 0x0000000095900000|100%| E|CS|TAMS 0x0000000095800000, 0x0000000095800000| Complete 
| 345|0x0000000095900000, 0x0000000095a00000, 0x0000000095a00000|100%| E|CS|TAMS 0x0000000095900000, 0x0000000095900000| Complete 
| 346|0x0000000095a00000, 0x0000000095b00000, 0x0000000095b00000|100%| E|CS|TAMS 0x0000000095a00000, 0x0000000095a00000| Complete 
| 347|0x0000000095b00000, 0x0000000095c00000, 0x0000000095c00000|100%| E|CS|TAMS 0x0000000095b00000, 0x0000000095b00000| Complete 
| 348|0x0000000095c00000, 0x0000000095d00000, 0x0000000095d00000|100%| E|CS|TAMS 0x0000000095c00000, 0x0000000095c00000| Complete 
| 349|0x0000000095d00000, 0x0000000095e00000, 0x0000000095e00000|100%| E|CS|TAMS 0x0000000095d00000, 0x0000000095d00000| Complete 
| 350|0x0000000095e00000, 0x0000000095f00000, 0x0000000095f00000|100%| E|CS|TAMS 0x0000000095e00000, 0x0000000095e00000| Complete 
| 351|0x0000000095f00000, 0x0000000096000000, 0x0000000096000000|100%| E|CS|TAMS 0x0000000095f00000, 0x0000000095f00000| Complete 
| 352|0x0000000096000000, 0x0000000096100000, 0x0000000096100000|100%| E|CS|TAMS 0x0000000096000000, 0x0000000096000000| Complete 
| 353|0x0000000096100000, 0x0000000096200000, 0x0000000096200000|100%| E|CS|TAMS 0x0000000096100000, 0x0000000096100000| Complete 
| 354|0x0000000096200000, 0x0000000096300000, 0x0000000096300000|100%| E|CS|TAMS 0x0000000096200000, 0x0000000096200000| Complete 
| 355|0x0000000096300000, 0x0000000096400000, 0x0000000096400000|100%| E|CS|TAMS 0x0000000096300000, 0x0000000096300000| Complete 
| 356|0x0000000096400000, 0x0000000096500000, 0x0000000096500000|100%| E|CS|TAMS 0x0000000096400000, 0x0000000096400000| Complete 
| 357|0x0000000096500000, 0x0000000096600000, 0x0000000096600000|100%| E|CS|TAMS 0x0000000096500000, 0x0000000096500000| Complete 
| 358|0x0000000096600000, 0x0000000096700000, 0x0000000096700000|100%| E|CS|TAMS 0x0000000096600000, 0x0000000096600000| Complete 
| 359|0x0000000096700000, 0x0000000096800000, 0x0000000096800000|100%| E|CS|TAMS 0x0000000096700000, 0x0000000096700000| Complete 
| 360|0x0000000096800000, 0x0000000096900000, 0x0000000096900000|100%| E|CS|TAMS 0x0000000096800000, 0x0000000096800000| Complete 
| 361|0x0000000096900000, 0x0000000096a00000, 0x0000000096a00000|100%| E|CS|TAMS 0x0000000096900000, 0x0000000096900000| Complete 
| 362|0x0000000096a00000, 0x0000000096b00000, 0x0000000096b00000|100%| E|CS|TAMS 0x0000000096a00000, 0x0000000096a00000| Complete 
| 363|0x0000000096b00000, 0x0000000096c00000, 0x0000000096c00000|100%| E|CS|TAMS 0x0000000096b00000, 0x0000000096b00000| Complete 
| 364|0x0000000096c00000, 0x0000000096d00000, 0x0000000096d00000|100%| E|CS|TAMS 0x0000000096c00000, 0x0000000096c00000| Complete 
| 365|0x0000000096d00000, 0x0000000096e00000, 0x0000000096e00000|100%| E|CS|TAMS 0x0000000096d00000, 0x0000000096d00000| Complete 
| 366|0x0000000096e00000, 0x0000000096f00000, 0x0000000096f00000|100%| E|CS|TAMS 0x0000000096e00000, 0x0000000096e00000| Complete 
| 367|0x0000000096f00000, 0x0000000097000000, 0x0000000097000000|100%| E|CS|TAMS 0x0000000096f00000, 0x0000000096f00000| Complete 
| 368|0x0000000097000000, 0x0000000097100000, 0x0000000097100000|100%| E|CS|TAMS 0x0000000097000000, 0x0000000097000000| Complete 

Card table byte_map: [0x00000219fc8b0000,0x00000219fccb0000] _byte_map_base: 0x00000219fc4b0000

Marking Bits (Prev, Next): (CMBitMap*) 0x00000219f492a3b0, (CMBitMap*) 0x00000219f492a3f0
 Prev Bits: [0x00000219fd0b0000, 0x00000219ff0b0000)
 Next Bits: [0x000002198f000000, 0x0000021991000000)

Polling page: 0x00000219f27f0000

Metaspace:

Usage:
  Non-class:     94.85 MB used.
      Class:     15.61 MB used.
       Both:    110.46 MB used.

Virtual space:
  Non-class space:      128.00 MB reserved,      95.94 MB ( 75%) committed,  2 nodes.
      Class space:      416.00 MB reserved,      16.50 MB (  4%) committed,  1 nodes.
             Both:      544.00 MB reserved,     112.44 MB ( 21%) committed. 

Chunk freelists:
   Non-Class:  15.27 MB
       Class:  15.34 MB
        Both:  30.61 MB

MaxMetaspaceSize: 512.00 MB
CompressedClassSpaceSize: 416.00 MB
Initial GC threshold: 21.00 MB
Current GC threshold: 176.88 MB
CDS: on
MetaspaceReclaimPolicy: balanced
 - commit_granule_bytes: 65536.
 - commit_granule_words: 8192.
 - virtual_space_node_default_size: 8388608.
 - enlarge_chunks_in_place: 1.
 - new_chunks_are_fully_committed: 0.
 - uncommit_free_chunks: 1.
 - use_allocation_guard: 0.
 - handle_deallocations: 1.


Internal statistics:

num_allocs_failed_limit: 6.
num_arena_births: 2832.
num_arena_deaths: 0.
num_vsnodes_births: 3.
num_vsnodes_deaths: 0.
num_space_committed: 1799.
num_space_uncommitted: 0.
num_chunks_returned_to_freelist: 6.
num_chunks_taken_from_freelist: 8404.
num_chunk_merges: 6.
num_chunk_splits: 5260.
num_chunks_enlarged: 3071.
num_inconsistent_stats: 0.

CodeHeap 'non-profiled nmethods': size=120000Kb used=12102Kb max_used=12102Kb free=107897Kb
 bounds [0x0000021987ad0000, 0x00000219886b0000, 0x000002198f000000]
CodeHeap 'profiled nmethods': size=120000Kb used=28270Kb max_used=28270Kb free=91729Kb
 bounds [0x0000021980000000, 0x0000021981ba0000, 0x0000021987530000]
CodeHeap 'non-nmethods': size=5760Kb used=1779Kb max_used=1830Kb free=3980Kb
 bounds [0x0000021987530000, 0x00000219877a0000, 0x0000021987ad0000]
 total_blobs=15543 nmethods=14662 adapters=792
 compilation: enabled
              stopped_count=0, restarted_count=0
 full_count=0

Compilation events (20 events):
Event: 257.324 Thread 0x00000219b2006e60 17707       3       com.android.build.gradle.internal.api.DefaultAndroidSourceSet_Decorated::getApiConfigurationName (40 bytes)
Event: 257.325 Thread 0x00000219b2006e60 nmethod 17707 0x0000021981b95110 code [0x0000021981b95300, 0x0000021981b957d8]
Event: 257.539 Thread 0x00000219ffb3d660 nmethod 17627 0x0000021988692b90 code [0x0000021988693200, 0x000002198869c698]
Event: 257.540 Thread 0x00000219ffb3d660 17694       4       org.gradle.api.internal.DefaultNamedDomainObjectSet::wrapLazyAction (15 bytes)
Event: 257.543 Thread 0x00000219ffb3d660 nmethod 17694 0x00000219886a0410 code [0x00000219886a05a0, 0x00000219886a0738]
Event: 257.543 Thread 0x00000219ffb3d660 17662       4       java.lang.Class::privateGetDeclaredConstructors (79 bytes)
Event: 257.558 Thread 0x00000219ffb3d660 nmethod 17662 0x00000219886a0910 code [0x00000219886a0ac0, 0x00000219886a11c8]
Event: 257.558 Thread 0x00000219ffb3d660 17631       4       kotlin.collections.EmptyList::size (5 bytes)
Event: 257.559 Thread 0x00000219ffb3d660 nmethod 17631 0x00000219886a1490 code [0x00000219886a1600, 0x00000219886a1678]
Event: 257.559 Thread 0x00000219ffb3d660 17663       4       jdk.internal.reflect.ClassFileAssembler::decStack (11 bytes)
Event: 257.559 Thread 0x00000219ffb3d660 nmethod 17663 0x00000219886a1790 code [0x00000219886a1900, 0x00000219886a1978]
Event: 257.775 Thread 0x00000219ffb3d660 17708   !   4       java.beans.PropertyDescriptor::findPropertyType (145 bytes)
Event: 257.807 Thread 0x00000219b2006e60 17710       3       org.codehaus.groovy.runtime.metaclass.ClosureMetaClass$$Lambda$1930/0x0000021994a4c000::chooseMethod (10 bytes)
Event: 257.807 Thread 0x00000219b2006e60 nmethod 17710 0x0000021981b95990 code [0x0000021981b95b20, 0x0000021981b95cd8]
Event: 257.807 Thread 0x00000219b2006e60 17711       3       org.codehaus.groovy.runtime.metaclass.ClosureMetaClass::lambda$assignMethodChooser$1 (10 bytes)
Event: 257.807 Thread 0x00000219b2006e60 nmethod 17711 0x000002198133db10 code [0x000002198133dca0, 0x000002198133ddf8]
Event: 257.808 Thread 0x00000219b2006e60 17712       3       org.codehaus.groovy.runtime.InvokerHelper::getProperty (75 bytes)
Event: 257.810 Thread 0x00000219b2006e60 nmethod 17712 0x0000021981b95e10 code [0x0000021981b96100, 0x0000021981b97728]
Event: 257.957 Thread 0x00000219b2006e60 17713       3       groovy.lang.Closure::getProperty (204 bytes)
Event: 257.959 Thread 0x00000219b2006e60 nmethod 17713 0x0000021981b97c10 code [0x0000021981b98000, 0x0000021981b999d8]

GC Heap History (20 events):
Event: 213.584 GC heap before
{Heap before GC invocations=111 (full 0):
 garbage-first heap   total 377856K, used 219226K [0x0000000080000000, 0x0000000100000000)
  region size 1024K, 18 young (18432K), 3 survivors (3072K)
 Metaspace       used 107331K, committed 109120K, reserved 557056K
  class space    used 15052K, committed 15872K, reserved 425984K
}
Event: 213.590 GC heap after
{Heap after GC invocations=112 (full 0):
 garbage-first heap   total 377856K, used 209546K [0x0000000080000000, 0x0000000100000000)
  region size 1024K, 3 young (3072K), 3 survivors (3072K)
 Metaspace       used 107331K, committed 109120K, reserved 557056K
  class space    used 15052K, committed 15872K, reserved 425984K
}
Event: 216.225 GC heap before
{Heap before GC invocations=112 (full 0):
 garbage-first heap   total 377856K, used 291466K [0x0000000080000000, 0x0000000100000000)
  region size 1024K, 84 young (86016K), 3 survivors (3072K)
 Metaspace       used 107549K, committed 109376K, reserved 557056K
  class space    used 15080K, committed 15936K, reserved 425984K
}
Event: 216.238 GC heap after
{Heap after GC invocations=113 (full 0):
 garbage-first heap   total 377856K, used 219003K [0x0000000080000000, 0x0000000100000000)
  region size 1024K, 11 young (11264K), 11 survivors (11264K)
 Metaspace       used 107549K, committed 109376K, reserved 557056K
  class space    used 15080K, committed 15936K, reserved 425984K
}
Event: 218.138 GC heap before
{Heap before GC invocations=113 (full 0):
 garbage-first heap   total 377856K, used 301947K [0x0000000080000000, 0x0000000100000000)
  region size 1024K, 89 young (91136K), 11 survivors (11264K)
 Metaspace       used 107697K, committed 109504K, reserved 557056K
  class space    used 15107K, committed 15936K, reserved 425984K
}
Event: 218.148 GC heap after
{Heap after GC invocations=114 (full 0):
 garbage-first heap   total 377856K, used 227673K [0x0000000080000000, 0x0000000100000000)
  region size 1024K, 8 young (8192K), 8 survivors (8192K)
 Metaspace       used 107697K, committed 109504K, reserved 557056K
  class space    used 15107K, committed 15936K, reserved 425984K
}
Event: 221.684 GC heap before
{Heap before GC invocations=114 (full 0):
 garbage-first heap   total 377856K, used 304473K [0x0000000080000000, 0x0000000100000000)
  region size 1024K, 83 young (84992K), 8 survivors (8192K)
 Metaspace       used 109400K, committed 111168K, reserved 557056K
  class space    used 15432K, committed 16256K, reserved 425984K
}
Event: 221.693 GC heap after
{Heap after GC invocations=115 (full 0):
 garbage-first heap   total 377856K, used 236684K [0x0000000080000000, 0x0000000100000000)
  region size 1024K, 9 young (9216K), 9 survivors (9216K)
 Metaspace       used 109400K, committed 111168K, reserved 557056K
  class space    used 15432K, committed 16256K, reserved 425984K
}
Event: 225.518 GC heap before
{Heap before GC invocations=115 (full 0):
 garbage-first heap   total 377856K, used 308364K [0x0000000080000000, 0x0000000100000000)
  region size 1024K, 79 young (80896K), 9 survivors (9216K)
 Metaspace       used 111269K, committed 113216K, reserved 557056K
  class space    used 15677K, committed 16576K, reserved 425984K
}
Event: 225.533 GC heap after
{Heap after GC invocations=116 (full 0):
 garbage-first heap   total 377856K, used 247208K [0x0000000080000000, 0x0000000100000000)
  region size 1024K, 10 young (10240K), 10 survivors (10240K)
 Metaspace       used 111269K, committed 113216K, reserved 557056K
  class space    used 15677K, committed 16576K, reserved 425984K
}
Event: 228.150 GC heap before
{Heap before GC invocations=116 (full 0):
 garbage-first heap   total 377856K, used 311720K [0x0000000080000000, 0x0000000100000000)
  region size 1024K, 74 young (75776K), 10 survivors (10240K)
 Metaspace       used 111628K, committed 113472K, reserved 557056K
  class space    used 15729K, committed 16576K, reserved 425984K
}
Event: 228.167 GC heap after
{Heap after GC invocations=117 (full 0):
 garbage-first heap   total 377856K, used 255263K [0x0000000080000000, 0x0000000100000000)
  region size 1024K, 8 young (8192K), 8 survivors (8192K)
 Metaspace       used 111628K, committed 113472K, reserved 557056K
  class space    used 15729K, committed 16576K, reserved 425984K
}
Event: 229.280 GC heap before
{Heap before GC invocations=117 (full 0):
 garbage-first heap   total 377856K, used 314655K [0x0000000080000000, 0x0000000100000000)
  region size 1024K, 67 young (68608K), 8 survivors (8192K)
 Metaspace       used 111628K, committed 113472K, reserved 557056K
  class space    used 15729K, committed 16576K, reserved 425984K
}
Event: 229.288 GC heap after
{Heap after GC invocations=118 (full 0):
 garbage-first heap   total 377856K, used 257022K [0x0000000080000000, 0x0000000100000000)
  region size 1024K, 5 young (5120K), 5 survivors (5120K)
 Metaspace       used 111628K, committed 113472K, reserved 557056K
  class space    used 15729K, committed 16576K, reserved 425984K
}
Event: 243.183 GC heap before
{Heap before GC invocations=118 (full 0):
 garbage-first heap   total 377856K, used 320510K [0x0000000080000000, 0x0000000100000000)
  region size 1024K, 65 young (66560K), 5 survivors (5120K)
 Metaspace       used 112314K, committed 114240K, reserved 557056K
  class space    used 15857K, committed 16768K, reserved 425984K
}
Event: 243.195 GC heap after
{Heap after GC invocations=119 (full 0):
 garbage-first heap   total 377856K, used 264901K [0x0000000080000000, 0x0000000100000000)
  region size 1024K, 9 young (9216K), 9 survivors (9216K)
 Metaspace       used 112314K, committed 114240K, reserved 557056K
  class space    used 15857K, committed 16768K, reserved 425984K
}
Event: 244.089 GC heap before
{Heap before GC invocations=119 (full 0):
 garbage-first heap   total 377856K, used 317125K [0x0000000080000000, 0x0000000100000000)
  region size 1024K, 61 young (62464K), 9 survivors (9216K)
 Metaspace       used 112314K, committed 114240K, reserved 557056K
  class space    used 15857K, committed 16768K, reserved 425984K
}
Event: 244.099 GC heap after
{Heap after GC invocations=120 (full 0):
 garbage-first heap   total 377856K, used 268669K [0x0000000080000000, 0x0000000100000000)
  region size 1024K, 6 young (6144K), 6 survivors (6144K)
 Metaspace       used 112314K, committed 114240K, reserved 557056K
  class space    used 15857K, committed 16768K, reserved 425984K
}
Event: 255.229 GC heap before
{Heap before GC invocations=120 (full 0):
 garbage-first heap   total 377856K, used 319869K [0x0000000080000000, 0x0000000100000000)
  region size 1024K, 56 young (57344K), 6 survivors (6144K)
 Metaspace       used 112631K, committed 114560K, reserved 557056K
  class space    used 15912K, committed 16768K, reserved 425984K
}
Event: 255.236 GC heap after
{Heap after GC invocations=121 (full 0):
 garbage-first heap   total 377856K, used 272193K [0x0000000080000000, 0x0000000100000000)
  region size 1024K, 7 young (7168K), 7 survivors (7168K)
 Metaspace       used 112631K, committed 114560K, reserved 557056K
  class space    used 15912K, committed 16768K, reserved 425984K
}

Deoptimization events (20 events):
Event: 242.103 Thread 0x00000219b2da41b0 Uncommon trap: trap_request=0xffffffdc fr.pc=0x0000021988618644 relative=0x0000000000002944
Event: 242.103 Thread 0x00000219b2da41b0 Uncommon trap: reason=class_check action=make_not_entrant pc=0x0000021988618644 method=java.lang.invoke.MethodHandles.copyTypes([Ljava/lang/Object;)Ljava/util/List; @ 6 c2
Event: 242.103 Thread 0x00000219b2da41b0 DEOPT PACKING pc=0x0000021988618644 sp=0x0000003f035f4790
Event: 242.103 Thread 0x00000219b2da41b0 DEOPT UNPACKING pc=0x00000219875823a3 sp=0x0000003f035f46e0 mode 2
Event: 244.289 Thread 0x00000219b5373300 Uncommon trap: trap_request=0xffffff45 fr.pc=0x0000021987f33f84 relative=0x0000000000001164
Event: 244.289 Thread 0x00000219b5373300 Uncommon trap: reason=unstable_if action=reinterpret pc=0x0000021987f33f84 method=java.util.concurrent.locks.LockSupport.unpark(Ljava/lang/Thread;)V @ 1 c2
Event: 244.289 Thread 0x00000219b5373300 DEOPT PACKING pc=0x0000021987f33f84 sp=0x0000003f065fd000
Event: 244.289 Thread 0x00000219b5373300 DEOPT UNPACKING pc=0x00000219875823a3 sp=0x0000003f065fcd28 mode 2
Event: 247.224 Thread 0x00000219b2da41b0 DEOPT PACKING pc=0x00000219813bf559 sp=0x0000003f035ef820
Event: 247.224 Thread 0x00000219b2da41b0 DEOPT UNPACKING pc=0x0000021987582b43 sp=0x0000003f035eed00 mode 0
Event: 254.345 Thread 0x00000219b2da41b0 DEOPT PACKING pc=0x00000219813bf831 sp=0x0000003f035f0b60
Event: 254.345 Thread 0x00000219b2da41b0 DEOPT UNPACKING pc=0x0000021987582b43 sp=0x0000003f035f0050 mode 0
Event: 256.276 Thread 0x00000219b2da41b0 Uncommon trap: trap_request=0xfffffff4 fr.pc=0x00000219886225ac relative=0x00000000000001ec
Event: 256.276 Thread 0x00000219b2da41b0 Uncommon trap: reason=null_check action=make_not_entrant pc=0x00000219886225ac method=org.gradle.api.internal.collections.CollectionFilter.filter(Ljava/lang/Object;)Ljava/lang/Object; @ 5 c2
Event: 256.276 Thread 0x00000219b2da41b0 DEOPT PACKING pc=0x00000219886225ac sp=0x0000003f035f1bc0
Event: 256.276 Thread 0x00000219b2da41b0 DEOPT UNPACKING pc=0x00000219875823a3 sp=0x0000003f035f1b60 mode 2
Event: 257.543 Thread 0x00000219b2da41b0 Uncommon trap: trap_request=0xfffffff4 fr.pc=0x000002198862744c relative=0x0000000000003f2c
Event: 257.543 Thread 0x00000219b2da41b0 Uncommon trap: reason=null_check action=make_not_entrant pc=0x000002198862744c method=java.beans.PropertyDescriptor.findPropertyType(Ljava/lang/reflect/Method;Ljava/lang/reflect/Method;)Ljava/lang/Class; @ 113 c2
Event: 257.543 Thread 0x00000219b2da41b0 DEOPT PACKING pc=0x000002198862744c sp=0x0000003f035ec9d0
Event: 257.543 Thread 0x00000219b2da41b0 DEOPT UNPACKING pc=0x00000219875823a3 sp=0x0000003f035ec9c0 mode 2

Classes unloaded (0 events):
No events

Classes redefined (0 events):
No events

Internal exceptions (20 events):
Event: 257.494 Thread 0x00000219b2da41b0 Exception <a 'java/lang/ClassNotFoundException'{0x0000000095a52ac0}: org/gradle/api/internal/artifacts/configurations/DefaultLegacyConfigurationBeanInfo> (0x0000000095a52ac0) 
thrown [s\open\src\hotspot\share\classfile\systemDictionary.cpp, line 256]
Event: 257.501 Thread 0x00000219b2da41b0 Exception <a 'java/lang/ClassNotFoundException'{0x0000000095a87210}: org/gradle/api/internal/artifacts/configurations/DefaultConfigurationBeanInfo> (0x0000000095a87210) 
thrown [s\open\src\hotspot\share\classfile\systemDictionary.cpp, line 256]
Event: 257.504 Thread 0x00000219b2da41b0 Exception <a 'java/lang/ClassNotFoundException'{0x0000000095ab42e0}: org/gradle/api/internal/file/AbstractFileCollectionBeanInfo> (0x0000000095ab42e0) 
thrown [s\open\src\hotspot\share\classfile\systemDictionary.cpp, line 256]
Event: 257.507 Thread 0x00000219b2da41b0 Exception <a 'java/lang/ClassNotFoundException'{0x0000000095ae0bf8}: org/gradle/api/internal/file/AbstractFileCollectionCustomizer> (0x0000000095ae0bf8) 
thrown [s\open\src\hotspot\share\classfile\systemDictionary.cpp, line 256]
Event: 257.511 Thread 0x00000219b2da41b0 Exception <a 'java/lang/ClassNotFoundException'{0x00000000959236f8}: org/gradle/api/internal/artifacts/configurations/DefaultConfigurationCustomizer> (0x00000000959236f8) 
thrown [s\open\src\hotspot\share\classfile\systemDictionary.cpp, line 256]
Event: 257.539 Thread 0x00000219b2da41b0 Exception <a 'java/lang/ClassNotFoundException'{0x000000009599c798}: org/gradle/api/internal/artifacts/configurations/DefaultLegacyConfigurationCustomizer> (0x000000009599c798) 
thrown [s\open\src\hotspot\share\classfile\systemDictionary.cpp, line 256]
Event: 257.542 Thread 0x00000219b2da41b0 Exception <a 'java/lang/ClassNotFoundException'{0x00000000959d9548}: org/gradle/api/internal/artifacts/configurations/DefaultLegacyConfiguration_DecoratedCustomizer> (0x00000000959d9548) 
thrown [s\open\src\hotspot\share\classfile\systemDictionary.cpp, line 256]
Event: 257.543 Thread 0x00000219b2da41b0 Implicit null exception at 0x0000021988623f65 to 0x000002198862743c
Event: 257.623 Thread 0x00000219b2da41b0 Exception <a 'java/lang/ClassNotFoundException'{0x00000000958ad6f8}: org/gradle/api/internal/artifacts/DefaultDependencySetBeanInfo> (0x00000000958ad6f8) 
thrown [s\open\src\hotspot\share\classfile\systemDictionary.cpp, line 256]
Event: 257.627 Thread 0x00000219b2da41b0 Exception <a 'java/lang/ClassNotFoundException'{0x00000000958dd2e0}: org/gradle/api/internal/artifacts/DefaultDependencySetCustomizer> (0x00000000958dd2e0) 
thrown [s\open\src\hotspot\share\classfile\systemDictionary.cpp, line 256]
Event: 257.675 Thread 0x00000219b2da41b0 Exception <a 'java/lang/ClassNotFoundException'{0x000000009576f720}: org/gradle/api/internal/artifacts/dependencies/DefaultExternalModuleDependency_DecoratedBeanInfo> (0x000000009576f720) 
thrown [s\open\src\hotspot\share\classfile\systemDictionary.cpp, line 256]
Event: 257.678 Thread 0x00000219b2da41b0 Exception <a 'java/lang/ClassNotFoundException'{0x00000000957a2538}: org/gradle/api/internal/artifacts/dependencies/DefaultExternalModuleDependencyBeanInfo> (0x00000000957a2538) 
thrown [s\open\src\hotspot\share\classfile\systemDictionary.cpp, line 256]
Event: 257.688 Thread 0x00000219b2da41b0 Exception <a 'java/lang/ClassNotFoundException'{0x00000000957d5950}: org/gradle/api/internal/artifacts/dependencies/AbstractExternalModuleDependencyBeanInfo> (0x00000000957d5950) 
thrown [s\open\src\hotspot\share\classfile\systemDictionary.cpp, line 256]
Event: 257.692 Thread 0x00000219b2da41b0 Exception <a 'java/lang/ClassNotFoundException'{0x0000000095609058}: org/gradle/api/internal/artifacts/dependencies/AbstractExternalModuleDependencyCustomizer> (0x0000000095609058) 
thrown [s\open\src\hotspot\share\classfile\systemDictionary.cpp, line 256]
Event: 257.725 Thread 0x00000219b2da41b0 Exception <a 'java/lang/ClassNotFoundException'{0x000000009564e1c8}: org/gradle/api/internal/artifacts/dependencies/DefaultExternalModuleDependencyCustomizer> (0x000000009564e1c8) 
thrown [s\open\src\hotspot\share\classfile\systemDictionary.cpp, line 256]
Event: 257.774 Thread 0x00000219b2da41b0 Exception <a 'java/lang/ClassNotFoundException'{0x000000009568ca00}: org/gradle/api/internal/artifacts/dependencies/DefaultExternalModuleDependency_DecoratedCustomizer> (0x000000009568ca00) 
thrown [s\open\src\hotspot\share\classfile\systemDictionary.cpp, line 256]
Event: 257.892 Thread 0x00000219b2da41b0 Exception <a 'java/lang/ClassNotFoundException'{0x0000000095531d20}: org/gradle/api/internal/artifacts/dependencies/DefaultFileCollectionDependency_DecoratedBeanInfo> (0x0000000095531d20) 
thrown [s\open\src\hotspot\share\classfile\systemDictionary.cpp, line 256]
Event: 257.904 Thread 0x00000219b2da41b0 Exception <a 'java/lang/ClassNotFoundException'{0x0000000095560ef8}: org/gradle/api/internal/artifacts/dependencies/DefaultFileCollectionDependencyBeanInfo> (0x0000000095560ef8) 
thrown [s\open\src\hotspot\share\classfile\systemDictionary.cpp, line 256]
Event: 257.908 Thread 0x00000219b2da41b0 Exception <a 'java/lang/ClassNotFoundException'{0x00000000955900f0}: org/gradle/api/internal/artifacts/dependencies/DefaultFileCollectionDependencyCustomizer> (0x00000000955900f0) 
thrown [s\open\src\hotspot\share\classfile\systemDictionary.cpp, line 256]
Event: 257.944 Thread 0x00000219b2da41b0 Exception <a 'java/lang/ClassNotFoundException'{0x00000000955c7d80}: org/gradle/api/internal/artifacts/dependencies/DefaultFileCollectionDependency_DecoratedCustomizer> (0x00000000955c7d80) 
thrown [s\open\src\hotspot\share\classfile\systemDictionary.cpp, line 256]

VM Operations (20 events):
Event: 245.105 Executing VM operation: Cleanup done
Event: 246.106 Executing VM operation: Cleanup
Event: 246.106 Executing VM operation: Cleanup done
Event: 248.108 Executing VM operation: Cleanup
Event: 248.109 Executing VM operation: Cleanup done
Event: 249.109 Executing VM operation: Cleanup
Event: 249.110 Executing VM operation: Cleanup done
Event: 250.117 Executing VM operation: Cleanup
Event: 250.117 Executing VM operation: Cleanup done
Event: 254.154 Executing VM operation: Cleanup
Event: 254.154 Executing VM operation: Cleanup done
Event: 255.169 Executing VM operation: Cleanup
Event: 255.169 Executing VM operation: Cleanup done
Event: 255.228 Executing VM operation: G1CollectForAllocation
Event: 255.236 Executing VM operation: G1CollectForAllocation done
Event: 256.243 Executing VM operation: Cleanup
Event: 256.260 Executing VM operation: Cleanup done
Event: 257.266 Executing VM operation: Cleanup
Event: 257.283 Executing VM operation: Cleanup done
Event: 258.287 Executing VM operation: Cleanup

Events (20 events):
Event: 212.787 Thread 0x00000219b207ea70 flushing nmethod 0x00000219819d8310
Event: 212.787 Thread 0x00000219b207ea70 flushing nmethod 0x0000021981a27610
Event: 212.787 Thread 0x00000219b207ea70 flushing nmethod 0x0000021981a60090
Event: 212.788 Thread 0x00000219b207ea70 flushing nmethod 0x0000021981a9df90
Event: 212.788 Thread 0x00000219b207ea70 flushing nmethod 0x0000021981b21710
Event: 212.788 Thread 0x00000219b207ea70 flushing nmethod 0x0000021981b2fb90
Event: 212.788 Thread 0x00000219b207ea70 flushing nmethod 0x0000021981b4f290
Event: 225.568 Thread 0x00000219b6785d20 Thread exited: 0x00000219b6785d20
Event: 225.904 loading class java/security/cert/CertificateEncodingException
Event: 225.905 loading class java/security/cert/CertificateEncodingException done
Event: 225.938 loading class java/security/NoSuchProviderException
Event: 225.939 loading class java/security/NoSuchProviderException done
Event: 225.939 loading class java/security/SignatureException
Event: 225.939 loading class java/security/SignatureException done
Event: 232.633 Thread 0x00000219b7119820 Thread added: 0x00000219b7119820
Event: 241.738 loading class jdk/internal/loader/URLClassPath$JarLoader$3
Event: 241.739 loading class jdk/internal/loader/URLClassPath$JarLoader$3 done
Event: 241.793 loading class jdk/internal/reflect/UnsafeQualifiedStaticCharacterFieldAccessorImpl
Event: 241.797 loading class jdk/internal/reflect/UnsafeQualifiedStaticCharacterFieldAccessorImpl done
Event: 243.403 Thread 0x00000219b207ea70 flushing nmethod 0x0000021980411710


Dynamic libraries:
0x00007ff6bcdd0000 - 0x00007ff6bcde0000 	C:\Program Files\Java\jdk-17\bin\java.exe
0x00007ff8aa320000 - 0x00007ff8aa586000 	C:\WINDOWS\SYSTEM32\ntdll.dll
0x00007ff8a9490000 - 0x00007ff8a9559000 	C:\WINDOWS\System32\KERNEL32.DLL
0x00007ff8a7930000 - 0x00007ff8a7d2f000 	C:\WINDOWS\System32\KERNELBASE.dll
0x00007ff8a75f0000 - 0x00007ff8a773c000 	C:\WINDOWS\System32\ucrtbase.dll
0x00007ff873ba0000 - 0x00007ff873bb9000 	C:\Program Files\Java\jdk-17\bin\jli.dll
0x00007ff8a8bd0000 - 0x00007ff8a8c8c000 	C:\WINDOWS\System32\ADVAPI32.dll
0x00007ff8a8060000 - 0x00007ff8a8109000 	C:\WINDOWS\System32\msvcrt.dll
0x00007ff8a8110000 - 0x00007ff8a81ba000 	C:\WINDOWS\System32\sechost.dll
0x00007ff8a8a80000 - 0x00007ff8a8b98000 	C:\WINDOWS\System32\RPCRT4.dll
0x00007ff8a8cd0000 - 0x00007ff8a8e96000 	C:\WINDOWS\System32\USER32.dll
0x00007ff8a7530000 - 0x00007ff8a7557000 	C:\WINDOWS\System32\win32u.dll
0x00007ff8a8ba0000 - 0x00007ff8a8bcb000 	C:\WINDOWS\System32\GDI32.dll
0x00007ff8a7750000 - 0x00007ff8a7879000 	C:\WINDOWS\System32\gdi32full.dll
0x00007ff8a7880000 - 0x00007ff8a7923000 	C:\WINDOWS\System32\msvcp_win.dll
0x00007ff872b60000 - 0x00007ff872b7b000 	C:\Program Files\Java\jdk-17\bin\VCRUNTIME140.dll
0x00007ff885b80000 - 0x00007ff885e11000 	C:\WINDOWS\WinSxS\amd64_microsoft.windows.common-controls_6595b64144ccf1df_6.0.26100.8972_none_3e0da176e32f9d4b\COMCTL32.dll
0x00007ff893820000 - 0x00007ff89382b000 	C:\WINDOWS\SYSTEM32\VERSION.dll
0x00007ff8a83b0000 - 0x00007ff8a83e2000 	C:\WINDOWS\System32\IMM32.DLL
0x00007ff894df0000 - 0x00007ff894dfc000 	C:\Program Files\Java\jdk-17\bin\vcruntime140_1.dll
0x00007ff861f10000 - 0x00007ff861f9e000 	C:\Program Files\Java\jdk-17\bin\msvcp140.dll
0x00007ff81eab0000 - 0x00007ff81f690000 	C:\Program Files\Java\jdk-17\bin\server\jvm.dll
0x00007ff8a90f0000 - 0x00007ff8a90f8000 	C:\WINDOWS\System32\PSAPI.DLL
0x00007ff892600000 - 0x00007ff89260a000 	C:\WINDOWS\SYSTEM32\WSOCK32.dll
0x00007ff8a8320000 - 0x00007ff8a83a2000 	C:\WINDOWS\System32\WS2_32.dll
0x00007ff8a3b90000 - 0x00007ff8a3bc6000 	C:\WINDOWS\SYSTEM32\WINMM.dll
0x00007ff8a61e0000 - 0x00007ff8a61fb000 	C:\WINDOWS\SYSTEM32\kernel.appcore.dll
0x00007ff893a80000 - 0x00007ff893a8a000 	C:\Program Files\Java\jdk-17\bin\jimage.dll
0x00007ff8a4b80000 - 0x00007ff8a4dc2000 	C:\WINDOWS\SYSTEM32\DBGHELP.DLL
0x00007ff8a9100000 - 0x00007ff8a9485000 	C:\WINDOWS\System32\combase.dll
0x00007ff8a8700000 - 0x00007ff8a87d9000 	C:\WINDOWS\System32\OLEAUT32.dll
0x00007ff87e060000 - 0x00007ff87e09b000 	C:\WINDOWS\SYSTEM32\dbgcore.DLL
0x00007ff8a7d40000 - 0x00007ff8a7dec000 	C:\WINDOWS\System32\bcryptPrimitives.dll
0x00007ff887be0000 - 0x00007ff887bee000 	C:\Program Files\Java\jdk-17\bin\instrument.dll
0x00007ff8723a0000 - 0x00007ff8723c5000 	C:\Program Files\Java\jdk-17\bin\java.dll
0x00007ff856310000 - 0x00007ff8563e7000 	C:\Program Files\Java\jdk-17\bin\jsvml.dll
0x00007ff8a9b50000 - 0x00007ff8aa2d8000 	C:\WINDOWS\System32\SHELL32.dll
0x00007ff8a4e50000 - 0x00007ff8a56eb000 	C:\WINDOWS\SYSTEM32\windows.storage.dll
0x00007ff8a95c0000 - 0x00007ff8a96b9000 	C:\WINDOWS\System32\SHCORE.dll
0x00007ff8a84b0000 - 0x00007ff8a8516000 	C:\WINDOWS\System32\shlwapi.dll
0x00007ff8a7450000 - 0x00007ff8a7479000 	C:\WINDOWS\SYSTEM32\profapi.dll
0x00007ff885ff0000 - 0x00007ff886008000 	C:\Program Files\Java\jdk-17\bin\zip.dll
0x00007ff888dd0000 - 0x00007ff888de9000 	C:\Program Files\Java\jdk-17\bin\net.dll
0x00007ff89e150000 - 0x00007ff89e278000 	C:\WINDOWS\SYSTEM32\WINHTTP.dll
0x00007ff8a6770000 - 0x00007ff8a67dc000 	C:\WINDOWS\system32\mswsock.dll
0x00007ff886360000 - 0x00007ff886376000 	C:\Program Files\Java\jdk-17\bin\nio.dll
0x00007ff892c80000 - 0x00007ff892c90000 	C:\Program Files\Java\jdk-17\bin\verify.dll
0x00007ff872b30000 - 0x00007ff872b57000 	C:\Users\HP\.gradle\native\1def1411415f61bf3af743bc5b6707747c0891f09f0c88961ee8f79bc544acac\windows-amd64\native-platform.dll
0x00007ff861d20000 - 0x00007ff861d97000 	C:\Users\HP\.gradle\native\0.2.8\x86_64-windows-gnu\gradle-fileevents.dll
0x00007ff890d20000 - 0x00007ff890d2a000 	C:\Program Files\Java\jdk-17\bin\management.dll
0x00007ff888f20000 - 0x00007ff888f2b000 	C:\Program Files\Java\jdk-17\bin\management_ext.dll
0x00007ff8a5b90000 - 0x00007ff8a5bc3000 	C:\WINDOWS\SYSTEM32\IPHLPAPI.DLL
0x00007ff8a8050000 - 0x00007ff8a805a000 	C:\WINDOWS\System32\NSI.dll
0x00007ff89ede0000 - 0x00007ff89edfd000 	C:\WINDOWS\SYSTEM32\dhcpcsvc6.DLL
0x00007ff89ed10000 - 0x00007ff89ed35000 	C:\WINDOWS\SYSTEM32\dhcpcsvc.DLL
0x00007ff8a5bd0000 - 0x00007ff8a5d28000 	C:\WINDOWS\SYSTEM32\DNSAPI.dll
0x00007ff8a6570000 - 0x00007ff8a657d000 	C:\WINDOWS\SYSTEM32\DSPARSE.dll
0x00007ff8a6b90000 - 0x00007ff8a6bab000 	C:\WINDOWS\SYSTEM32\CRYPTSP.dll
0x00007ff8a6140000 - 0x00007ff8a6179000 	C:\WINDOWS\system32\rsaenh.dll
0x00007ff8a6820000 - 0x00007ff8a6852000 	C:\WINDOWS\SYSTEM32\USERENV.dll
0x00007ff8a7420000 - 0x00007ff8a744a000 	C:\WINDOWS\SYSTEM32\bcrypt.dll
0x00007ff8a69d0000 - 0x00007ff8a69dc000 	C:\WINDOWS\SYSTEM32\CRYPTBASE.dll
0x00007ff894eb0000 - 0x00007ff894ebe000 	C:\Program Files\Java\jdk-17\bin\sunmscapi.dll
0x00007ff8a7e00000 - 0x00007ff8a7f7e000 	C:\WINDOWS\System32\CRYPT32.dll
0x00007ff8a6d00000 - 0x00007ff8a6d30000 	C:\WINDOWS\SYSTEM32\ncrypt.dll
0x00007ff8a6cb0000 - 0x00007ff8a6cef000 	C:\WINDOWS\SYSTEM32\NTASN1.dll
0x00007ff87e490000 - 0x00007ff87e498000 	C:\WINDOWS\system32\wshunix.dll

dbghelp: loaded successfully - version: 4.0.5 - missing functions: none
symbol engine: initialized successfully - sym options: 0x614 - pdb path: .;C:\Program Files\Java\jdk-17\bin;C:\WINDOWS\SYSTEM32;C:\WINDOWS\WinSxS\amd64_microsoft.windows.common-controls_6595b64144ccf1df_6.0.26100.8972_none_3e0da176e32f9d4b;C:\Program Files\Java\jdk-17\bin\server;C:\Users\HP\.gradle\native\1def1411415f61bf3af743bc5b6707747c0891f09f0c88961ee8f79bc544acac\windows-amd64;C:\Users\HP\.gradle\native\0.2.8\x86_64-windows-gnu

VM Arguments:
jvm_args: --add-opens=java.base/java.lang=ALL-UNNAMED --add-opens=java.base/java.lang.invoke=ALL-UNNAMED --add-opens=java.base/java.util=ALL-UNNAMED --add-opens=java.prefs/java.util.prefs=ALL-UNNAMED --add-exports=jdk.compiler/com.sun.tools.javac.api=ALL-UNNAMED --add-exports=jdk.compiler/com.sun.tools.javac.util=ALL-UNNAMED --add-opens=java.base/java.util=ALL-UNNAMED --add-opens=java.prefs/java.util.prefs=ALL-UNNAMED --add-opens=java.base/java.nio.charset=ALL-UNNAMED --add-opens=java.base/java.net=ALL-UNNAMED --add-opens=java.base/java.util.concurrent=ALL-UNNAMED --add-opens=java.base/java.util.concurrent.atomic=ALL-UNNAMED --add-opens=java.xml/javax.xml.namespace=ALL-UNNAMED -XX:MaxMetaspaceSize=512m -Xmx2048m -Dfile.encoding=windows-1252 -Duser.country=US -Duser.language=en -Duser.variant -javaagent:C:\Users\HP\.gradle\wrapper\dists\gradle-9.0.0-bin\d6wjpkvcgsg3oed0qlfss3wgl\gradle-9.0.0\lib\agents\gradle-instrumentation-agent-9.0.0.jar 
java_command: org.gradle.launcher.daemon.bootstrap.GradleDaemon 9.0.0
java_class_path (initial): C:\Users\HP\.gradle\wrapper\dists\gradle-9.0.0-bin\d6wjpkvcgsg3oed0qlfss3wgl\gradle-9.0.0\lib\gradle-daemon-main-9.0.0.jar
Launcher Type: SUN_STANDARD

[Global flags]
     intx CICompilerCount                          = 4                                         {product} {ergonomic}
   size_t CompressedClassSpaceSize                 = 436207616                                 {product} {ergonomic}
     uint ConcGCThreads                            = 2                                         {product} {ergonomic}
     uint G1ConcRefinementThreads                  = 8                                         {product} {ergonomic}
   size_t G1HeapRegionSize                         = 1048576                                   {product} {ergonomic}
    uintx GCDrainStackTargetSize                   = 64                                        {product} {ergonomic}
   size_t InitialHeapSize                          = 264241152                                 {product} {ergonomic}
   size_t MarkStackSize                            = 4194304                                   {product} {ergonomic}
   size_t MaxHeapSize                              = 2147483648                                {product} {command line}
   size_t MaxMetaspaceSize                         = 536870912                                 {product} {command line}
   size_t MaxNewSize                               = 1287651328                                {product} {ergonomic}
   size_t MinHeapDeltaBytes                        = 1048576                                   {product} {ergonomic}
   size_t MinHeapSize                              = 8388608                                   {product} {ergonomic}
    uintx NonNMethodCodeHeapSize                   = 5839372                                {pd product} {ergonomic}
    uintx NonProfiledCodeHeapSize                  = 122909434                              {pd product} {ergonomic}
    uintx ProfiledCodeHeapSize                     = 122909434                              {pd product} {ergonomic}
    uintx ReservedCodeCacheSize                    = 251658240                              {pd product} {ergonomic}
     bool SegmentedCodeCache                       = true                                      {product} {ergonomic}
   size_t SoftMaxHeapSize                          = 2147483648                             {manageable} {ergonomic}
     bool UseCompressedClassPointers               = true                           {product lp64_product} {ergonomic}
     bool UseCompressedOops                        = true                           {product lp64_product} {ergonomic}
     bool UseG1GC                                  = true                                      {product} {ergonomic}
     bool UseLargePagesIndividualAllocation        = false                                  {pd product} {ergonomic}

Logging:
Log output configuration:
 #0: stdout all=warning uptime,level,tags
 #1: stderr all=off uptime,level,tags

Environment Variables:
JAVA_HOME=C:\Program Files\Java\jdk-17
PATH=D:\Projects\ReactNative\node_modules\.bin;D:\Projects\node_modules\.bin;D:\node_modules\.bin;C:\Users\HP\AppData\Local\nvm\v22.17.0\node_modules\npm\node_modules\@npmcli\run-script\lib\node-gyp-bin;c:\Users\HP\AppData\Local\Programs\cursor\resources\app\node_modules\@vscode\ripgrep\bin;C:\Program Files\Common Files\Oracle\Java\javapath;C:\Program Files (x86)\Common Files\Oracle\Java\java8path;C:\Program Files (x86)\Common Files\Oracle\Java\javapath;C:\WINDOWS\system32;C:\WINDOWS;C:\WINDOWS\System32\Wbem;C:\WINDOWS\System32\WindowsPowerShell\v1.0\;C:\WINDOWS\System32\OpenSSH\;C:\Users\HP\AppData\Local\nvm;C:\nvm4w\nodejs;C:\Program Files\Microsoft SQL Server\150\Tools\Binn\;C:\Program Files\Git\cmd;C:\Program Files\SourceGear\Common\DiffMerge\;C:\Program Files\Java\jdk-17\bin;C:\Users\HP\AppData\Local\Android\Sdk\platform-tools;C:\Users\HP\AppData\Local\Android\Sdk\emulator;C:\Users\HP\AppData\Local\Android\Sdk\cmdline-tools\latest\bin;C:\Users\HP\AppData\Local\Android\Sdk\platform-tools;C:\Users\HP\AppData\Local\Android\Sdk\emulator;C:\Users\HP\AppData\Local\Android\Sdk\cmdline-tools\latest\bin;C:\Program Files\eSpeak NG\;C:\Program Files (x86)\cloudflared\;C:\Program Files\GitHub CLI\;C:\Users\HP\.config\herd\bin;C:\Users\HP\AppData\Local\hermes\node;C:\Users\HP\AppData\Local\hermes\bin;C:\Users\HP\AppData\Local\agy\bin;C:\Users\HP\AppData\Local\Programs\Python\Python310\Scripts\;C:\Users\HP\AppData\Local\Programs\Python\Python310\;C:\Users\HP\AppData\Local\Programs\Python\Python313\Scripts\;C:\Users\HP\AppData\Local\Programs\Python\Python313\;C:\Users\HP\.cargo\bin;C:\Users\HP\AppData\Local\Microsoft\WindowsApps;C:\Users\HP\AppData\Local\nvm;C:\nvm4w\nodejs;C:\Users\HP\.dotnet\tools;C:\Users\HP\AppData\Local\Programs\cursor\resources\app\bin;C:\Users\HP\AppData\Local\Programs\Ollama;C:\Users\HP\AppData\Local\Microsoft\WinGet\Links;C:\Users\HP\AppData\Local\Microsoft\WinGet\Packages\Gyan.FFmpeg_Microsoft.Winget.Source_8wekyb3d8bbwe\ffmpeg-8.1.1-full_build\bin;C:\
USERNAME=HP
OS=Windows_NT
PROCESSOR_IDENTIFIER=Intel64 Family 6 Model 186 Stepping 3, GenuineIntel



---------------  S Y S T E M  ---------------

OS:
 Windows 11 , 64 bit Build 26100 (10.0.26100.9168)
OS uptime: 12 days 18:57 hours
Hyper-V role detected

CPU: total 8 (initial active 8) (4 cores per cpu, 2 threads per core) family 6 model 186 stepping 3 microcode 0x6134, cx8, cmov, fxsr, ht, mmx, 3dnowpref, sse, sse2, sse3, ssse3, sse4.1, sse4.2, popcnt, lzcnt, tsc, tscinvbit, avx, avx2, aes, erms, clmul, bmi1, bmi2, adx, sha, fma, vzeroupper, clflush, clflushopt, clwb, hv

Memory: 4k page, system-wide physical 16027M (241M free)
TotalPageFile size 44940M (AvailPageFile size 154M)
current process WorkingSet (physical memory assigned to process): 612M, peak: 623M
current process commit charge ("private bytes"): 758M, peak: 768M

vm_info: Java HotSpot(TM) 64-Bit Server VM (17.0.12+8-LTS-286) for windows-amd64 JRE (17.0.12+8-LTS-286), built on Jun  5 2024 06:46:59 by "mach5one" with MS VC++ 17.6 (VS2022)

END.
